comments,manual_labels,gpt_labels
those who support palestine did nt even condemn hamas tell I what be the point of gather together for palestine support on the same day the israelis be massacre it be rather a support for hamas than palestine you ca nt justify the massacre of 1200 innocent by give we the context of history,-1.0,-1
indian support because they support we in need ie kargil war the whole world support be sham in recent year a lot of islamist join the rank of think tank and medium org now they project whatever the fuck they want,-1.0,0
"israel out of all odd survive and save their space they deserve while surround with deadly religious neighbor 

 I like their gut 

 their attitude of no backing down no matter how hard they be throw into a corner 

 india be in same place with neighbor ready to attack and occupy india or destroy india",-1.0,1
israel coz wonder woman,-1.0,1
I use to support palestine but not any more that do nt mean that I support israel either while I vehemently hate iran for start this thing but I think the reason behind iran start this be the internal unrest it face today to distract people it finance a war the we and the west on the other hand use the war as a military expo demonstarte arm for potential seller it be a demostration of live arm,0.0,-1
the whole world have not choose palestine the us uk germany france and so many more nation be vehemently proisrael why be dumbassess like you allow to speak on issue omg,-1.0,-1
"isreal suck for what they have be do to palestine hamas suck for what they recently do 

 to oversimplify it its an esh situation where neither side be good 

 I m on the side of the innocent suffer through this whole mess",-1.0,0
"israel coz my people have suffer what   the israelis suffer at the hand of hama 

 also how can someone with moral conscious support what hamas do but most gaza people be do so its an easy choice",-1.0,1
"I would be on israel side cause just now biden administration and israel pmo both confirm behead of baby and toddler by hamas terrorist in kafr aza 

 and yeah france choose palestine by illuminate eiffel tower in israel flag usa choose palestine by illuminate white house in israel flag and send we gerald uk and most of eu choose palestine by stop their aid uae choose palestine by condemn their action and many more country be on palestine side",-1.0,1
"more support for israel its similar to the entire region there israel be in their ancestral land the jewish predate islam by thousand of year the ancestral people have be neighbor in some fashion likely for all of history 

 many people mistakenly believe israel take something from palestine    they do nt   but that s the basis for most of it they think israel be unusually brutal to palestine they be nt ppl should go look for themselves or open a few book",-1.0,1
those who support palestine did nt even condemn hamas tell I what be the point of gather together for palestine support on the same day the israelis be massacre it be rather a support for hamas than palestine you ca nt justify the massacre of 1200 innocent by give we the context of history,-1.0,1
"the native people jerusalem be historically jewish they be expel from their land canaan israelites palestinians be philistines who migrate to the area roman come the turk come they be push out then provide the land back to they because of the nature of diaspora you have this mix of who the jewish be ethnically so what 

 its not a palestine vs israel thing its a terrorist in a blasphemous name of islam vs israel thing 

 israel do not colonize they return and they be nt leave again",-1.0,1
"hamas be the result of decade of the same violence that israel subject the people of palestine to that they be experience rn they did nt just wake up one day and decide to bomb and murder israel be a colonial state that have kill child and woman in number that hamas could never even reach it be despicable that innocent civilian and child have suffer because of this but a lot of they be the same people who have take over the home and life of palestinian people murder they burn they alive without consequence 

 I think palestinian people deserve their independence and the right to dignity and life that they have be deprive of for year however since peace talk between an oppressor and the oppressed can not exist it do nt matter what side you take there be no peaceful resolution there be only surrender and palestine will once again have to do it eventually the world have too many disgusting greedy powerful force to let humanity come before politic religion and violence 

 any conversation on the same be also pointless israel will kill hama will kill back the news will sensationalise the war and earn trp overall no change will be make and people will die 

 I know I will get downvote but I do nt really care ignorant people will continue spew all sort of hatred to justify their belief",1.0,1
"whole world be nt choose palestinine 
 only islam and leave be support palestinine country with any sense of morality be support israel 
 palestine should be free from illegal occupation by hama",-1.0,1
only ummah stsj ola uber fan support palestine,-1.0,0
op be delusional lol everyone be choose israel over the terrorist lol,-1.0,1
palestine have a moral reason but only a fool will hedge their bet on a lose side,1.0,1
not full india support israel,1.0,1
"palestine because israel be a settler colonial state build on the blood of the native people 

 the israelis be not native to the land they be all european migrant",1.0,0
palestine for I cause its good to pronounce I think that s why the whole world,1.0,-1
hamas kill civilians israeli air force kill civilian in retaliation ask the dead body on either side who s right and that be your answer,0.0,1
duh check the country who recognize palestinian statehood before ask such question,-1.0,1
the world be not choose palestine fyi the pro palestine protest be getting ban everywhere uk just ban palestine flag for time be berlin ban the pro palestine protest keep your agenda to yourself the pro palestine protest be getting cancel everywhere,-1.0,0
simpe way to victory,0.0,0
this be the way,0.0,1
clearly they be not refer to the government a very small number of people poll show majority of people stand with palestine worldwide,1.0,1
"this be the correct answer there be no good side here israel have mistreat palestine like nobodys business and hamas response be less than noble heck with the whirlwind of misinformation float around social medium we ca nt even claim to know what be actually happen 

 this be like a family drama there be no point in outsider like we get involved or offer opinion as much as we may hate it this be an internal affair and we getting heat over it will only be see as a weapon by the one involve not support all we can do be hope the innocent get through this and asap",0.0,1
"if you be an indian what if arabic people come over to india and rule because mughal rule we and what if they claim this be our land because of that history 

 by the way I be a christian 



 and if you be not an indian the current america be not fill with true americans and the native americans or red indian have be wipe out from their own land",-1.0,0
no they be nt majority of jews in israel be not originally from palestinecisjordan but from europe the palestinians arab be the indigenous people of that area just because jewism be old islam do nt mean that the palestinian ancestor come later their ancestor just have some other religion like christianity,0.0,1
"lol what book be you read zionist propaganda book if you really want to understand the issue read ilan pappe 

 palestinians be the native people whether it be jews or muslim the israelis be settler colonialist from europe if any place the settlement of the jewish people should have happen in europe because that be where historically they be expel from 

 you people with your tiny brain be too fixate on religion whereas the issue be much more complicated and nuance its a clear cut battle between the right to existence of the native people and a settler colonialist state expand its imperial power to make room for more accumulation of capital",-1.0,0
"jerusalem be nt just jewish it also have christians and muslim who exist with the jews that s why there be palestinian jews and palestinian christians they coexist peacefully 

 it be religion and zionism that tell people jerusalem be jewish land all of it be a big sham in the name of religion",-1.0,1
no even bible did nt say that isreal be own by jewish there also isreal people be migrate from egypt by the help of moses,0.0,1
the people who be current in israel be nt the original jews they be white people who follow judaism,0.0,1
propaganda without proof where be the global rallying cry   many many nation would speak up and point out the atrocity they do in some fashion regard every other situation particularly if its be decade of it it would be political suicide to support they   not say they be perfect but give the above I m inclined to believe the atrocity carry out be pure evil those that do it   evil anyone condone murder   baby be complicit in the act,0.0,0
nah you be spit fire this be exactly what this be,0.0,0
the only right answer in this entire dumb sub,0.0,0
its also rich indians want to comment on isreal palestine but hate it when outsider comment on kashmir   which be our version of the gaza conflict both side have be atrocious to the other but keep on point finger as to who s bad ask a pandit who lose family and their home during the exodus vs kashmiris who live in the valley today who have lose family to the military and the atrocity do by they people who live in glass house should really not throw stone at other,0.0,0
"who come first jews or muslim if today kashmiri hindus go and claim there property and land in kashmir will you call it settler colonialism 

 judaism be an ethnic religion like parsi you ca nt convert and become jew 

 be mughal old than hindus 

 I will support any cause of native americans claim their land",0.0,0
"no not true you try to paint israel as white be ignorant and wrong and it be nt even hard to research without visit to see for yourself 

 because of the spread of the faith and the diaspora with the establishment of a jewish state you ll likely see more european look people than neighboring state but you really be insert baseless opinion and assumption",1.0,1
this be all factually incorrect try again,0.0,-1
what be israel suppose to do   the two nation theory have be decline many time by palestinians and if hamas be not finish they will just attack again it be hamas to blame what do they think while attack civilian rape and behead they any nation have the right to retaliate its the cowardness of the hamas to hide behind woman and kid,-1.0,0
well he did nt condemn hamas and did nt you read my comment that you ca nt justify the massacre of 1200 innocent in the context of history,-1.0,-1
"christianity predate islam by hundred of year and judaism predate both bya lot 

 jerusalem be originally jewish israel as israelites in the land of canaan where the philistines palestinian migrate to 

 do nt need religion to know this we have ancient secular roman and greek text among other that tell we this",-1.0,-1
"that biblical story be a return or something idk 

 historically they reside in and around the land of canaan and jerusalem be jewish",-1.0,1
that s incredibly ignorant and incorrect to say,0.0,0
without proof without proof there have be well document article news report and also nationally televise interview where israelis have boast about kill people read the un report for gaza and palestine it show kid and woman kill by israel greatly exceed that by hama just because you be an ignorant fucking fool do nt mean there s no proof keep your eye shut clown and get a life you have be respond to this thread for over 24 hour now almost,-1.0,-1
majority of they be literally not from palestine they have no ancestor there ever that be just a fact they be just coloniser nothing else,-1.0,-1
"counter it then how be it incorrect 

 ah I get it this subreddit be fill with rw zealot who do nt know anything downvote I as much as you want your hatred for palestine only stem from your bigotry against muslim",-1.0,-1
the israeli minister have nt condemn the atrocity they have be carry out against palestine either but nobody question that be my point,1.0,0
I agree the early people there be jewish who you call israelites do nt come from history but religious text there s a difference between jewish people and zionist not all jews be zionist and the idea that jerusalem belong to jewish people have be ascertain by religious text and zionist,0.0,0
palestinian people be live peacefully until zionist come and take over the land please note that even at that time a lot of jews live in palestine they still exist as palestinian jews zionist and jewish people be not the same,1.0,1
"you too and you have yet to produce anything other than propaganda 

 and if and when you domy first question be go to bewhy  

 most likely because they be retaliate against something 

 they have both bomb each otherback and forth over contest area 

 show I where they do what hamas do 

 no I m educate and I have spend time in the middle east with a number of ethnic group and know the reality first handbeside having be a regular reader of middle eastern history and modern day geopolitic 

 and who be complicit in the support of baby murder not bombing that hit everyone individual who snuck in and raid home and personally rape and murder family and child with knife laugh about it",0.0,0
let for sake of argument I agree with you but do that absolve hamas of what it do,-1.0,-1
its not a fact,0.0,-1
when there be 2 million radicalise people that want to eradicate your nation you just ca nt let they do that hamas be elect by the people of gaza in 2006 so you have to bear the consequence you just ca nt bite the hand that feed you and what about the celebration of the massacre palestinians be do spit on a naked body of a woman parade she and celebrate like a festival no nation will tolerate it,-1.0,0
they would have give refuge in surround country if they did nt create coup wherever they go in short palestinians become destroyer of the country wherever they be death and destruction follow,-1.0,0
"they bomb each other over the contest area if one bomb another the other respond in kind 

 palestine could just stop its really hamas 

 and where be the footage and fact say israel do the same as hama",-1.0,1
hamas start sucide bombing so israel have to put restriction hamas hide between civilian so its hamas fault that innocent get kill,-1.0,0
I use the term to israelites to distinguish they from the general term of canaanite which both term be historically accurate a lot of religious text actually double as ancient historical text and when speak of the people and its history be largely corroborate by other ancient text from place such as egypt greece roman empire etc,0.0,0
glad to find some sane people here lol this guy be a rw idiot with pure hate against muslim no point in argue against such people its not like your effort to teach they a lesson in history will change his heart,-1.0,1
"the number of different jewish people be many 

 zionist or not jewish have be persecute conquer and displace often   

 izionist or not they all identify as jewish and most differentiate themselves from other indigenous people 

 the violence be perpetuate by religious extremist hamas 

 what be internationally recognize be the civil war that lead to an independent jewish state 

 the point be the disgusting act hamas carry out and that people be actually say israel as in the jewish should leave even though that be their ancient homeland 

 it be the palestinian as well but they as philistines migrate from the coast in ancient time they both have claim but the jewish have the strong claim the old claim and the current claima well as be internationally recognize as legitimate",-1.0,1
"I m not I have nt speak one piece of propaganda what I m talk about be well document truth do by the united nations 



 here be the link you can read how many civilian die in gaza as a result of israeli bombing 

 2251 palestinians be kill 1462 of they be believe to be civilian include 551 child and 299 woman 66 israeli soldier and five civilian include one child be also kill overall 11231 palestinians be injure during the conflict include 3540 woman and 3436 child roughly one third of these child will have to cope with disability last throughout life as a result of their injury 

 now if you ca nt read and will call this also propaganda that s on you",0.0,0
nope not at all and I condemn hamas completely,-1.0,1
"do you absolve israel of their ethnic cleansing of the palestinians that have be go on for decade now 

 all I be say be that this be not an isolated event and have to be see in the right context what hamasa jihadi islamist organisation that I hate have do now israel do on a regular basis without any repurcussion or accountability",1.0,-1
there be nationally televise interview of israeli soldier boast about rape 16yo palestinians why did nt you speak up about that you be literally base ur opinion of a war that have be go on for decade over 2 reel without even dig into the crime the other side have suffer fyi that woman be eventually find in a hospital and I have see circulate article how that whole thing be edit,1.0,-1
"when there be 2 million radicalise people that want to eradicate your nation you just ca nt let they do that 

 but palestinians should let the million of radical israelis eradicate they 

 if you be so disgusted by war crime then you should nt support israel either",1.0,1
"so why do nt israel seek refuge   consider they have all the super power back up they should seek refuge in any of these country that will accept they with open arm lol but drop bomb over decade and be surprised on face retaliation be the way israel to go about it  
 if the palestinians be expect to bear logic and move out make more sense for israel to be do that tbh the hypocrisy lol",1.0,1
I ca nt believe you be ask for footage of israel do the samejust do one google searchthe ignorance be soo real I can not believe this,1.0,-1
so whose fault be it for the million of palestinians that have gotten kill over decade and nobody take a stand   why the hypocrisy be what I m ask,1.0,1
nope the term israel itself come from the bible jacob and his twelve son flee to egypt from where they be lead by moses to canaan that form the core of what we know today as israel its in the torah too and even actual scholar agree it be not an accurate description of the origin of israel,0.0,1
"zero hatred but you be spread lie such ignorance be pathetic 

 I m not against islam or palestine I m not claim israel be perfect either 

 my statement be true 

 hamas be evil for brutally murder baby 

 where be your heart",1.0,0
"you be a fucking idiot if after all that explain shit do nt go into your head people of different faith be coexist peacefully until zionist come and start their colonial rule it be nt muslim who start kill jews and take their land claim on the land be base on fucking religious scripture before the zionist no jewish people be kill muslim and take their land 

 zionist do to palestinians what germans do to the jews even right now there be a lot of jews who be and have be call for an end to the inhumane treatment and oppression against palestinians 

 hamas be a result of israel continued oppression of palestinian people over decade they create this evil and yes it be evil but israel be to blame for it your comprehensive skill be blind by your hatred but that s more than half of indian reddit who barely use logical analysis and empathy while absorb history keep up your rant engage with this stream of echo chamber voice be unbearable",1.0,1
"so I read actual un report from the un 

 as I keep state israel be not perfect they essentially do the same to each other and israel should nt be attack contested area or purposely target civilian 

 at no point do I say I m against palestine or islam nor do I say I m for israel unequivocally 

 what I state be still fact 

 hamas be an extremist terrorist organization support by iran for a geopolitical agenda they murder baby and family brutally it go far beyond bomb each other they also call for jihad across the globe etc its wanton violence 

 that be what I m against ill support hold israel accountable for its violation but israel be a recognize state and they still belong in their territory 

 hama absolutely need to be eliminate israel should leave the contested area as they legally belong to palestine 

 and people should not be complicit in support any baby murderer no need for the whataboutism any baby murderer be inexcusable",1.0,1
what about the massacre of 260 people in the peace music festival and what about the kid execute in front of her parent and sibling and what about the people that be kill on their bedsdont just justify the barbarism   palestine elect this government they have to bear the consequence,-1.0,-1
I guess the oppressed people decide to take revenge on kid woman and elder so that way they can free their land they think behead they   slit their throat burn they alive would make palestine free from israel,-1.0,0
do israeli people attack palestinians,0.0,-1
they indeed seek refuge in europe until hitler show up and survivor go back to their place besides all that jewish population in surround country drop from million to couple thousand iran be one of the large jewish population state after islam the population drop to 8k in 2021,0.0,1
well you ca nt just let the people whatever they want when their sole purpose be to eradicate your nation,0.0,-1
"sure scholar agree that various secular text that corroborate the additional ancient religious text be wrong 

 where you be head be purely a linguistic argument that really have no bearing on what I m talk about 

 use the term canaan and canaanite then 

 early term of israel be egyptian as well which predate the bible by 15002000 year 

 the history of judiasm likely go back far in that region of canaanite judah the levant in general 

 but its what we also label they today in academia 

 I m really not sure what you be try to say or whybut it continue to sound inaccurate",0.0,1
be you dumb or just lack basic comprehension skill I have condemn hama they be jihadi,-1.0,0
"there be period of co existence yes those exist too 

 and the entire world somehow tolerate this",0.0,0
"but that s the thing israel have never be hold accountable in these decade of oppression people be quick to jump the gun to blame hama they be apologist just like you be apologist for genocide and a settlement colonial state 

 you say israel be nt perfect having kill more baby and woman than hama could never even come close to condemnation of the oppress use violence to fight back while call the oppressor less than perfect be absolute hypocrisy 

 also about the child beheading the white house just deny that biden see picture of those the only one follow this narrative be israel the people who have be continually portray themselves as victim while continue to kill thousand of palestinians they manufacture content without proof to give they excuse to perpetuate act of war 

 lastly bombing be nt the only way palestinians be kill they be burn alive by israeli settler include child deny access to water and food and electricity people in gaza live in the large open air prison in the world I have more link and clip for you to learn from but give your absolute defence for israel call they not perfect for commit war crime I do nt think you ll need it",1.0,1
"gaza be call the big open air jail in the world its heavily surround by idf soldier at all time who basically do whatever they feel like do with the people their movement be restrict by israel and so be their subsistence they have to rely on israel for everything from electricity to food 

 kya tum pakistani soldier se surround rehte ho at all time who can fuk you up anytime they want kya tumhe apne hi country me idhar udhar jane ke liye pakistani checkpost se guzarna parta hai 

 hamas ko maine kab defend kiya bhai I just say its an inevitavle reaction to decade of systematic oppresiion its easy for you and I live comfy life to moralise oppress people 

 its quite clear ki tereko ghanta kuchh aata jaata nhi hai you just see a couple of video 2 din pehle aur aa gua yahan israel palentine karne beta jake ek aadha kitab padho be subject matter pe you be too phillistine to know anything nor you have the iq",1.0,1
nobody should be kill especially woman and child but the same sympathy should ve be extend to the palestinians all these year the fact that it become an issue only when its israel under attack scream hypocrisy period,1.0,1
yes they have be conlonize the west bank which the world agree be palestine territory for year and idf have be kill palestinian child every week at this point,1.0,1
"they did nt seek any refuge in europe they be european you do nt seek refuge for hundred of year 

 there be substantial jewish population in the middle east in fact jews enjoy well social status under the muslim ruler they prosper and become merchant academician doctor etc during the islamic golden age in fact some of the big trader in the arab world back then be jews compare this to the treatment of jews in europe where they be ghettoise expulsed multiple time could nt acquire any noble position in the kigdom 

 the jewish exodus from the muslim world be a rather recent event",-1.0,-1
once again israel have literally be eradicate palestinians over decade where be your concern then lol,1.0,1
all I m say be the one who came claim the land to be theirs and call it israel be zionist they start the colonial rule native to a region do nt mean they have the solitary right to it palestine have jews christians and muslim coexist until zionist come and call the land their rightful heritage because their book claim it to be,1.0,-1
"I think you mistake my position 

 I support humanity I support fact   the un report do not mention any atrocity as commit by hama 

 again hamas be an iran back terrorist organization that have call for the death of innocent citizen from other country   not okay 

 palestine and israel the people of the region have wage this war in some shape or fashion throughout all of record history with relatively brief pause of respite or peace 

 hamas be the evildoer today hold they all accountable for what the fact support 

 that s my position 

 innocent should never be target by either side baby should not be murder 

 as I state before hold any intentional baby murderer accountable 

 specific language because I m specifically not an apologist of any sort",-1.0,-1
well palestinians reject two state solution 9 time then they become radicalise they start proxy war what israel be suppose to do and the killing of palestinians occur mostly because of the hamas hamas hide behind the innocent and use they as sheid than attack you so what do you expect from israel they just ca nt let hamas attack they,-1.0,0
they have be get billion of dollar in funding what do they do buy rocket weapon train terrorist etc,1.0,-1
"you be talk an exchange of bombing   whereas israel have regularly target the aggressor who hide amongst innocent while hamas or palestine target civilian purposely 

 west bank be a contested area we can condemn israel for it if they be on the offensive with violence sure 

 but let not condone rape and murder family and baby with knife by sneak into neighborhood by anyone 

 and hamas be who do it yet people be support they evil because of half truth and propaganda",0.0,0
go over and tell the israeli that vast majority of they look like any other average citizen in the middle east,-1.0,0
"all kind of shit happen in past the islamist start kill man and convert woman after they lose arab war with israel the same process be happen in pakistan and bangladesh with hindus 
 indians support israel bcoz we know what kind of a disease islamic terrorism be",-1.0,-1
do it justify the massacre of 1200 people do nt spam the same story tell I how the killing of 1200 civilian help the palastine movement its just make it impossible why be they celebrate,-1.0,-1
"they do that 3000 year ago also except they be canaanite jewish judah jewish levant in general jewish not the actual name but the region 

 edit and I think it have more to do with the regular persecution and displacement of the jewish in the region zionist be more like the match that be light the fuel to burn be already there",0.0,1
"okay then do nt say israel be less than perfect say israel be the evil and hamas be the result of that evil I agree no civilian should be hurt in such matter but it be also the same civilian who kill and burn palestinians the bottom line be israel be not even face half the violence they have be subject palestinians to over decade we should condemn hamas but the foremost thing to do be to stop israel and its injustice because it have go too far and for too long hamas be nt some terrorist organisation that decide to kill israelis on a whim or because of a religious dictat they do so because they be tired of see their people kill and torture and deny basic human right over generation condemn israel first stop their injustice hold they accountable for what they have do and then talk about hama 

 and yes eventually hamas should be hold accountable too but you ca nt expect a liberation movement for freedom to not be violent yes who be subject to that violence be wrong but first say that to all the mother who lose their child in gaza before evening begin to talk about the israelis the palestinians have have their baby and family murder and torture by israelis over generation",1.0,-1
"bro its so fucking simple 

 idf bad for human right violation and hamas bad for human right violation 

 jesus christ",0.0,1
"brother firstly thank you for be respectful and civil about the discussion secondly you really really need to keep your bias aside and educate yourself on the matter a little more take a look at the number of death and rape palestinians have face on the regular basis before the hamas attack they have now just retaliate please give I a single reliable source state that palestine have receive billion in funding in fact the entire issue be that major world power like uk and usa be back up israel openly israel have be ethnically cleanse palestinians for decade with 0 consequence 

 people need to understand that the big rich boy of middle east wo nt take a stand cuz they do nt have to be worried about be vote out they be a monarchy the world leader do nt go and fight the war themselves they do nt care about the people die they be do wtv help they earn brownie point that help they win their next election",1.0,0
there be a massive influx of jews from the middle east into israel start from 1947 but still the overwhelming majority trace their ancestry back into europe the majority be askenazi jew,0.0,0
the number of non muslim that go and thrive in middle east live their tax free life would suggest otherwise lol history be nt easy on anyone war and surrender be the norm the west propagate islamophobia to cover up their own shit and the world eat it up,1.0,-1
"in every other argument your blatant hatred of muslim and victim mentality crop up its so drain to argue with people like you 

 the material condition in south asia and the middle east be different please read before you come here yap you seem to beleive that muslim be a cult of people whose existence rest upon the sole ambition of destroy other religion which be such a pathetically ludicrous idea how come jews thrive in the islamic world and not in the christian world then islamic terrorism be a recent phenomena read up on how imperial power give birth to it idea do nt run the world material circumstance do 

 please read up on the subject instead of waste everyone time with mindless drivel muh muslims bad saar we victim too saar israel our brother saar",1.0,1
"I hear you 

  i d still need to see more evidence to support how long its go because I believe they both have be do it to each other this entire time 

 it also do nt take into account the israeli persecution that make they feel that perhaps some palestinian feel today 

 not sure draw a line in the sand and say everything after this point be what count 

 i d also condemn both side at the same time 

 I could perhaps understand but use evil as an excuse to do evil be not an excuse I wo nt budge there I wo nt condone any evil for any reason",0.0,-1
and what do you expect from a nation when you kill their innocent citizen brutally what be hama try to achieve here   did nt hamas think of the consequence of this why would any country support palestine when there be dozen of video circulate where people be be kill mercilessly and hamas have capture 150 hostage why would anyone support palestine hamas should have go for the idf not for the citizens palestine lose all its sympathy of year sadly innocent will suffer because of the foolish decision of hama,-1.0,-1
the number people that get turn into slave be far fucking more,0.0,1
"jews thrive under islam my ass 
 before islamic revolution jews in iran be more than 100k now its 8k 
 hindu in pakistan and bangladesh be extinct 
 destruction of buddhist statue in afghanistan 
 destruction of ancient relic in syria 
 there be countless example of islamist destroy other religion",-1.0,-1
"average age of gaza citizen 18 

 last election 2006 

 do the math",0.0,1
this will help you about the fund,0.0,-1
anything that s not a shady website  ,0.0,-1
bro israel have opeeenllyyy v v v openllyyyyyy been kill palestinians for year and year on a regular basisi really do hope you know that hamas attack right now but why be you not take into account all the thousand of palestinians that get kill and rape on a regular basiswhat do you have to say about that or do you want I to send video circulate of that tooooo,1.0,0
the labour class that go to work as labour class wo nt end up with the job of doctor lol however the middle east value degree pedigree and caucasianness over ppls religion when it come to job opportunity as they should,0.0,1
also strong choice of word who be use the word slave so liberally lol,0.0,0
"still it be nt like gaza citizen do nt support hama if it would have be so plo would have conduct election but they know among average palestinians hamas have more support 

 hama have keep gaza hostage but this be because gaza have allow hamas and celebrate hama 

 a viable solution for the palestinians to the israel palestine problem can only be through talk on the table 

 violence can only achieve destruction for either the palestinians or whole of the middle east 

 do nt forget we and uk have their aircraft carrier in the mediterranean 

 also do nt forget the help israel have provide to indian government in kargil",-1.0,-1
well its on you to decide,0.0,1
its not like I m ignore it I m just say in the name of palestine people be support hamas people celebrate the massacre of israel in the name of free palestine that s not the way no one condemn hama and hamas do more damage to palestinians than israel ever do now israel have a licence to kill as much as they want yet people be not ready to say that hamas be responsible if they want peace they should release the captive first then hamas shall surrender   wo nt happen   why would israel stop bomb if it have a clear enemy that s go to attack again israel goal be to eradicate hamas now its on hamas to surrender or see their people die I do nt want palestinians to die but you ca nt leave hama alive to attack again,-1.0,-1
wow you be not only a degenerate islamist you be also a classist and racist too,-1.0,-1
I really do nt give a fuck what happen in opposite side of the world palestinians have all the advantage but they blow it with coup,0.0,1
"copy from below   you be die on the hill of nobody condemn hamas without once acknowledge that nobody condemn israel all these yearshamas be the result of decade of the same violence that israel subject the people of palestine to that they be experience rn they did nt just wake up one day and decide to bomb and murder israel be a colonial state that have kill child and woman in number that hamas could never even reach it be despicable that innocent civilian and child have suffer because of this but a lot of they be the same people who have take over the home and life of palestinian people murder they burn they alive without consequence 

 I think palestinian people deserve their independence and the right to dignity and life that they have be deprive of for year however since peace talk between an oppressor and the oppressed can not exist it do nt matter what side you take there be no peaceful resolution there be only surrender and palestine will once again have to do it eventually the world have too many disgusting greedy powerful force to let humanity come before politic religion and violence 

 any conversation on the same be also pointless israel will kill hama will kill back the news will sensationalise the war and earn trp overall no change will be make and people will die 

 I know I will get downvote but I do nt really care ignorant people will continue spew all sort of hatred to justify their belief",1.0,0
nope I m a realist there s literally a 3040 salary increment if you be a european in kuwait which be where I grow up fyi there be asians work in every social strata you ca nt deny the fact that these country depend on south east asians to make up for their labour class   despite their religion I m literally speak fact I m sorry if it do nt sound like music to your delusional ear lol,0.0,0
you call I biased but you be yourself biased I can bet you be muslim you do nt see the situation of israeli people and their suffering you just believe the massacre be justify because israel do the same so hamas be right palestinians want the complete area that s not possible you ca nt migrate 8 million people two state solution be the only way but palestine do nt agree with it so I guess sadly the powerful will rule   violence would take palestine nowhere violence shall never be justify I see the pro palestine support the massacre so why cry when someone be do the same with you I be completely against the violence but one side see it subjective so the other would do the same,-1.0,0
"that s the easy game to play here   I can bet 200 on the fact that you be not a muslim lmao in fact I m sure you find a way to justify ur islamophobia while not agree to the fact you be an islamophobe lol you be once again come here and cry here about the suffering of the jews   which I do acknowledge btw war suck in generalnobody deserve to die like this   but you be literally not for once acknowledge the palestinian genocide that have be go on for decade the people celebrate the hamas massacre be nt the one who will go to war for palestine if it come down to that they be not the victim or the representative here look into the plight of people who be actually suffer and decide well for yourself 

 you be literally blissfully ignore the fact that hamas have attack right now while this have be happen in palestine for year the chronology of these event be important in decide who be the oppressor and who be the oppress the rejection of 2 state theory seem unfair because of the border and the area of land under distribution palestinians reject the proposal they did nt start attack civilian while be back up by the strong nation in the worldthat something that israel do you keep forget that palestinians be be attack all these year they retaliate now",1.0,-1
"simple in point 
 1 I acknowledge the bad thing israel do 
 2 I m not islamophobic   you call I bias so I say it too 

 question for you just answer clearly 

 1   what be hama try to achieve by kill civilian 
 2 how should israel deal with terrorist that kill and abduct your citizen 
 3 why should israel not bomb the terrorist area when they be fire missile 
 4 be nt it right to wipe out hama that be a terrorist group and a threat for your nation 


 edit typo",-1.0,-1
"1 you have nt really acknowledge all the bad thing israel do until now   thank u for that tho so how do u justify all that and what do u think be the solution palestine should stay chill n get bomb  

 2 oh sweetie we both know well about that rnbut soon or later it will be the new normal dw about it xd 

 question  
 for the 1000th time 

 1 hama retaliate for what be be do to palestine for year by do the same literal thing   whilst know they will have to bear the consequence which they be 

 2 israel have be deal with the people by literally kill palestinians over year the war have be on for year they be hold a music festival at a site where 1000 of people be hold captive palestenians be hold captive and they retaliate if you get the logic for israel why not for palestine  

 3 for the 100000 time israel have be bomb palestine for decade they retaliate now and its an international issue where the minister of israel openly claim to have cut the water and electricity supply and be somehow still the oppress one be you follow this  

 4 they be not just wipe out hama they be and have be bomb civilian   include child and woman for decade and still continue to do so resistance mean palestine be nt try to win the war in number here they be try to take a stand keep mum and be in the good book of the rule bring no good because enough people did nt condemn israel they be fight back now the sad part be it should nt have come down to this 

 you think you really do something with these question lol while you be not even acknowledge the fact that palestinians retaliate after face decade of same violence in the hand of israel",1.0,-1
well its not the answer to my question be it,0.0,-1
lol you be justify the killing of 1200 civilian by historical context its really sad and ironic well if hamas know the consequence so let they bear the consequence they bring it to themselves if they would have attack idf it could be consider as retaliation the thing that hamas do be a total massacre of innocent you have double standard when it come to life   palestinians life be important whereas it be fine to kill   rape and behead israeli civilian,-1.0,-1
now see the list tooyou would nt have ask those question lol,0.0,-1
nope you be justify the killing of 1000s of palestinians all these decade cuz it fit the pre form notion you have of a certain sect if you be go to be racist at least be racist with a spine and own it up lol but at least you can rejoice in the fact that you be actually a part of something much big,1.0,-1
"half of reddit I only care about dead baby if their head be chop off 

 palestine be the great propaganda machine of the social medium era bar none 
",-1.0,-1
bro that have be claim falseat least stay update with ur rumour and all these year when israel be drop bomb on palestinethey be kill baby tooyoure an islamophobejust have the spine to own it upyoure welcome,1.0,-1
and you do nt have anything to prove to meu know urself well n tbh its pretty evident so do I just do your research v v v welldid u open the list of crime that israel have commit the link I post before no u wo nt cuz that do nt suit ur agendajust at least be a racist with a spinedont come here n stand for humanity when u can apply same empathy for allthis conversation be extremely tragic to witnesstake ur racism elsewhere now plz and next time own up the fact you be an islamophobe to begin with   good wish,1.0,-1
you be ignorant be nt you I did nt send you the link to that news its sad you only see hamas cruelty if they kill baby other thing like kill civilian and rape they be nothing just a holy cause for you,-1.0,-1
at the end you be just a supporter of genocide I think I be talk to a sensible person my bad,0.0,-1
for the 28928283 timepalestinian be be rape and baby be kill on a regular basis for yearswhy did nt you speak up then,1.0,-1
"not once do u answer how be rape n killing of palestinians over decade justify u beautifully skip that cuz u have no answer   u want palestinians to get rape and kill n not do anything about it 

 and I wish I be at least talk to a racist islamophobe who have the spine to own it upyoure as spineless as the propaganda you support   be both disappointed I guess",1.0,-1
the fact you think it be okay to kill and rape israel people as a revange be very disturbing then I say israel bombing be also justify as a retaliation,-1.0,-1
well I guess you be just like other support terrorism and genocide in the name of humanity,-1.0,-1
it isin fact I m sure palestine see it come what u be not able to address be the fact that hamas attack be the retaliationisrael have be carry this out for decade alreadywill u please address this be that justify,1.0,1
and since you be big on tik tok n reel lolfind the one where israeli soldier boast about date teenage girl nobody be sparedu r hypocriteat least own it up lol,1.0,1
retaliation should not be on innocent people I guess you do nt care,0.0,1
hehe tik tok be ban you know but never mind keep spread your propaganda nothing matter now neither you nor I can stop what be happen or what will happen in future,0.0,1
its strange that you care only if the victim be palestinian   well never mind hamas will be go for good in a few day I pray for the innocent that be go to be kill in this mess,-1.0,1
be I really an indian if I do nt have one,0.0,1
"neither because its relate to an abrahamic prophecy and I be not abrahmic 

 this be what jews believe 

 these prophecy require three great event before the messiah can return the nation of israel must be restore jerusalem must be a jewish city and the temple the center of worship and sacrifice in the ancient jewish world which be last destroy by the romans in 70 ad must be rebuild 

 evangelical christians also believe that jews need to be in israel for their prophecy to be fulfil which be why so many evangelical christian send funding to israel 

 christian believer be instruct by scripture to acknowledge the hebraic root of their faith and to actively assist and participate in the plan of god for the ingathering of the jewish people and the restoration of the nation of israel in our day 

 this be what muslim believe about end timesjudgement day 

 it be narrate in the hadith that the prophet blessing and peace of allah be upon he say the hour will not begin until you fight the jews until a jew will hide behind a rock or a tree and the rock or tree will say o muslim o slave of allah here be a jew behind I come and kill he   except the gharqad a kind of thorny tree 

 if you want to look into it far feel free to google but here be some basic link 

 jewish 

 muslim 

 christian 
",0.0,1
"neither one 

 both side have do their share of crap so neither one be worth defend at all 

 I be glad people now be nt believe the medium about this war and their biased coverage anymore they have peddle lie long enough and get away with it",0.0,0
I just feel that the civilian be not at any fault and they should nt pay the price of their leader ego,0.0,0
I do nt want to take side because both have use violence so none be victim or saint here however I deeply sympathize with innocent civilian of both side and I really hope they soon find peace,0.0,0
same as indias official stance palestinian cause legitimate antihama twostate solution through dialog and diplomacy,-1.0,0
"I do nt care 

 I also do nt care about ind vs pak match   world cup",0.0,0
"none 

 some be support israel just because they support we in the past and modiji be also support they so sheep follow be go on 
 some be support palestine just because of their religion 

 I m on the side of those common middle class people who want to live peacefully with their family and want peace and harmony among the other community and religion just let they live without fear",0.0,0
I do nt like israel that much either I just like terrorist getting destroy,1.0,0
"neither 

 both side believe in collective punishment and that they have more right to live than the other the only support they be ask be for the world to turn a blind eye to their atrocity 

 they do not see two state solution as viable and in all deliberation of single state they want to reduce the other community as second class citizen",0.0,-1
anyone support any side be fore some reason ok with children and innocent die on the other country you be all monster,0.0,0
I m just wait for the alien to show up then all this religious bullshit will all disappear,0.0,1
"this be a loaded question 
 ask hamas or israel 
 you be attempt to sweep a grave terrorist crime under the carpet",0.0,0
honestly I do nt really care not like my opinion gon na matter both side be right in their own way let they sort it out,0.0,1
"I see vid of hamas militant shout allahhuakbar while shoot woman and child   it be so bewildering 

 also as I dig through history hamas have be just as brutal to their own",-1.0,0
israel,-1.0,1
people of both side force of none,0.0,-1
the whole fiasco be a shitty game show where innocent life be lose no side be completely faultless but hamas be a religious fanatic group who would not stop just here and may inspire a lot such group all over the world have they succeed here,0.0,0
"I believe that a country first priority be to secure their own citizen live israel let hamas off the hook this time would be a grave injustice to the israelis who have to live in continue fear of such attack hama be coward secretly support by surround arabic nation egypt have actually murder palestinians and destroy their house when they try to cross over so do nt buy any of their bs about the poor palestinians 

 hamas have ensure that when israel retaliate innocent life in gaza will be lose they hide in hospital school etc they set up launch pad for their missile in civilian area they block palestinians from evacuation during war hamas as an organisation have be nothing but brutal to the palestinians too 

 diplomacy be base on mutual respect if you sit quietly because you value innocent life when they clearly do nt you be ask for the cycle to repeat over and over 

 hamas and palestine have refuse to even agree to the 2 nation pact since the 1990 israel be willing but they be nt they openly say that we do nt want a single jew in this area 

 please note that 20 of israelis be actually muslim they live in peace they vote palestinians and hamas have be know to killharass jews on their side of the border if not today it would happen tomorrow hopefully israel manage to take action that bring about stability from now on at least",-1.0,1
"let I start by say that I believe palestinians deserve a viable state however I be absolutely horrified by what hamas do hamas need to be punish but the way israel be exact revenge by raze down gaza be deplorable and condemnable the arab state should also be condemn for not use their influence iran and qatar have blood on their hand 

 I be on the side of civilian catch between this barbaric show of dick between israel and hamas 

 the right wing hindu and muslim joker who blindly support one party over another should be cane on their butts these do takke ke log be a bane to our country",-1.0,0
I mean one of they give they time leave the city within 24hour before they bomb the city the other be say to stay put,0.0,-1
"if israel have no right to exist as advocate by arab and   all other muslim nation that refuse to recognize it because it be islamic land that they claim belong to palestine 

 then pakistan bangladesh afghanistan also have no right to exist as they too have take hindu land iran have no right to exist as it take parsi land and on and on and on it go 

 the terrorist and the nation be post about their support for palestine while the brutal attack by hamas be ongoing where baby be behead and woman rape that alone expose their mindset and its support for terrorism that favour they these same country go mute when someone in their ummah blow himself up in a street full of innocent in the name of jihad",-1.0,0
"not really on the side of either but the attack on civilian need to stop   they be initially do by hama but now israel have take it too far they be basically slaughter woman and child at this point in gaza and they have be a brutal apartheid state for a while 

 I feel like the real blame be in colonial britain for decide to create israel out of someone else land for some reason they have escape all blame and accountability and then second come the american military industrial complex who will push for more extreme war because they make so much money off they people be just fodder for they",-1.0,0
israel have support india in the past I do nt see any reason to support hamas terrorist and their socalled peaceful religion which be literally the reason for half of the attack globally,-1.0,-1
"israel 

 what hamas be do there with the civilian be gut wrench 

 I just wanna see all those terrorist destroy by israel",-1.0,0
"take whichever stance you want to base on your research and information available just do nt go too far with it that it lead you to either islamophobia or antisemitism do nt believe all the crap show on any of the news outlet for that matter they all have their own agenda set that be say you can support palestinian aspiration without defend the action of hamas and you can also sympathize with israeli civilian without defend idf or go all out against propalestinian 

 I believe rather than give it a religious tadka one should see it as a cycle of violence and terrorism and it just do nt sit right with I to compare which side be more in the wrong they both be one life go and thousand of life go terrorism be terrorism I sympathise with innocent civilian on both the side its a shame that money talk in real world and of course everyone gon na be look at what benefit they I know its harsh but it be what it be this be not a black and white matter both side be wrong in this its just that one be a fullfledged designate terror organization and the other side with power know this very well",0.0,-1
fuck religion also that one particular one always associate with terrorism,0.0,1
neither I believe in a two state solution then we will make it a part of akhand baharat s on the last part,0.0,1
neutral I be at the side of peace I be more concerned about manipur,0.0,0
neither,0.0,-1
whoever say hamas be delude,-1.0,-1
"israel ofc 

 I would not have pick side but the other side tie up woman and child naked on their car to shame they be not acceptable",-1.0,0
israel,-1.0,-1
"people with low brain want to see everything as black or white 

 yes in india vs pak conflict india hold high moral ground but in case of israel and palestine its not that simple no one should support killing of unarmed civillian even if they be sympathetic to hamas or israel 

 and for information of bhakts putin will support palestine if require",0.0,-1
I support israel,-1.0,1
israel be do right with their scorch earth policy they will be destroy by all muslim country who support terrorist if they do nt show their full might but this look like world war 3 be start to take its face and I do nt like that,-1.0,1
israel 11 time out of 10 ys,-1.0,0
"on the side of innocent people from both side 

 not on the side of warcriminal from both side",0.0,1
I be with israel for this one as long as its within war rule,-1.0,0
not hamas but on palestine side,1.0,-1
israel without an iota of doubt,-1.0,-1
"israel be a colonis so I will never support that it have be keep the palestinians in an open air prison 
 and this do not mean support hamas or their atrocity",1.0,-1
israel be good,-1.0,1
israel create the monster know as hamas because of year of exploitation now hamas be strike back and israel be play the victim card neither side should be murder civilian to demonstrate their point but I think israel government should be try and execute in public court and hamas government after be punish for war crime should have a guarantee give to they about their citizen live and freedom from exploitation of course all this be only possible if the most powerful country in the world interfere but seem like everyone already buy into israel victim card play so I have no hope for this situation,1.0,-1
none of any indian citizen business,0.0,0
"hama be the terrorist outfit but they start because their land be take 

 I just do nazi it come that jews would be the one do the genocide 

 I do nt really care",0.0,0
as a human I side with palestine,1.0,1
fuck islamic country,-1.0,0
against hamas but with divide and live   palestine to get there home and israelis to live with peace,0.0,-1
I just do nt understand why people ca nt live in peace together,0.0,0
this be nt an eff sport match where you have to take side innocent be die on both side because of the extremist ideology of religious settler zionism on one hand and islamic fundamentalism on the other have some shame,0.0,0
one can be a victim and a perpetrator at the same time so no side sympathetic towards those who be innocent and hurt because in the fight of elephant its the grass that be hurt,0.0,0
it do nt matter which side you be its always the ordinary person who suffer at the hand of war monger politician and their lde,0.0,1
none of they be worth take side of because both be kill civilian and deep down even their civilian want this kind of war like people in india and pakistan but noticing that whom india can get some benefit in future israel,-1.0,0
innocent I side with innocent people,0.0,1
2 polar radical be have a dick measure competition and civilian be pay the price palestine have some support but they have be radicalise to the point of no return they call for jihad on india before during the whole nupur sharma thing after we provide they vaccine clearly palestinians be nt people that work with logic they just want the bad for the people who they do nt like,-1.0,0
only india,0.0,0
"I take the side of peace 

 this be become a never end saga of kill on both side I do nt care now who be right or wrong this need to end nothing good be come out of it soon there wo nt be any people to fight for from both side",0.0,0
I m not take either side but anyone who kill civilian who be unable to defend themselves be just vile disgusting terrorist I m pretty sure of that,0.0,1
any indian who support israel just because they hate muslim be wrong at the same time any indian who support hamas kill innocent civilian be also wrong if they ca nt live peacefully together they should have seperate and clear boundary with none interfere with the other unlike how it be now where palestine be under indirect rule of israel and hamas shell israel when they be blindside,0.0,0
condemn attack on civilian from both side support victim on both side,0.0,0
I m on the side of civilian from both side,0.0,1
"its do nt matter to I I be anyways live in india 

 both country should exist and nobody deserve to leave their home 

 hope war stop peace  ",0.0,1
people die be bad both israeli and palestinian leadership have do despicable thing I hope for peace the region,0.0,0
"the people it do nt matter if they be jewish or a palestinian 

 these government will never get along too many people want too much power it will destroy itself 

 its sad we see so much death over something so dumb",0.0,-1
japan coz of dem animuu tiddie,0.0,1
there be bad egg on both side I firmly believe that the average israelis and palestinians just want a normal peaceful existence but they be catch up in the geopolitical game of america russia and iran,0.0,0
palestinian resistance be basically child who have grow up under occupation and apartheid in an open air concentration camp when you be devoid of the essential human right of freedom you fight to be free or die its really that simple ask yourself what yo n would have do if you be keep in a prison all your life from the time you be bear,1.0,0
neutral war be hell,0.0,0
I do nt even see any reason side lene ka thing be nt black and white,0.0,1
"israel 

 people write innocent people on bith side be seriously delude to think that palestine have innocent people who do nt support hama and their method when israeli innocent child and woman be take as hostage and parade naked through the street these exact injocent people cheer for hamas hamas be an elect organization and the palestinian people support hamas so in essence they bring this upon themselves",-1.0,-1
"I believe palestinians should get their own country 

 israel be a settler colonial state and have occupy palestine for the last 75 year 

 it have violate all un resolution and keep on drive palestinians into refugee camp 

 so I guess israel need to be hold accountable for its war crime make to follow un resolution and be force to let palestinians have their own country",1.0,-1
I think that both government be complete asshole hamas be a group of terrorist and a bunch of religious prick be completely decimate the life of civilian both israel and the hamas group be awful,0.0,0
"I generally support the more progressive group anywhere that s israel here 

 I think palestinians should be give a separate land parcel somewhere away from israel and israel need to stop expand by force maybe buy land from arab",-1.0,0
it should be israel or hama,-1.0,1
"play stupid game win stupid prize 

 that s all I have to say",0.0,0
"my opinion most indians live only limit to india who know only few bite of knowledge of anything outside of india they usually look at the surface easy to gather knowledge that be usually from social medium post which everyone know be target and curate to get the most out of the user time in simple you get what you like because what you like be the thing you gon na give more time to aka echo chamber 

 indians also see everything black or white for example they will come at you say palistinian democraticly elect hamas blah blah and do nt consider anything outside of it like what constant and neglect oppression for decade can do and what be their option to overcome oppression they will come something stupid like   once oppress can never be oppresser ever never 100 uber true fact that be as basic as fire be hot there be no other way   how each option work out they also do nt know law of war what s the difference be between casualty of war and war crime or genocide they also do nt understand decade of geo politic that come into play when talk about such thing and verifying action by consider bias of each player   all they point out be snippet of fact sometimes even lie or misinterpretion to advance thier own thinking 

 I know I m gon na be tell to go to pakistan or leave india or anti nation or uneducated or tee mar khan or something like that for this comment but I be at a point I simply do nt care anymore 

 as for where to get info   googlestart from wikipedia research on each thing from out side of wikipedia like what be genocide how it carry what be rule of war read about each event from multiple source look into each source bias read history",0.0,0
the end of day,0.0,1
innocent child and woman screw everyone else screw religion or fucking promise land,0.0,0
as a human I support humanity I support innocent people who be squashed in war zone because their only fault be to be bear there I strongly condemn what hamas do to innocent israelis but I equally condemn what idf be do to innocent palestinians bomb hospital ambulance university white phosphoru over the city deprive they of water and electricity be simply inhumane I hope those who be guilty get rightfully punish but on the pretext of finish hamas idf have lose the plot they be literally call occupant because they what they be do be illegal even accord to the olso accord,0.0,1
"somwhere between israel and neutral 

 but I sympathize with both israel and palestine in this war war should be between hamas and everybody else",-1.0,0
the one group I can definitely blame be the british,0.0,0
there be a bunch of war go on now I know its a terrible situation to be in but I m tired of have an opinion and take side I just want to go with my day,0.0,0
pray for palestine,-1.0,1
"  a jewish nationstate on the objective fact should not have be establish in palestine in the first place 

 jews make up only 510 of the population of palestine in 1900 in 1947 they only form 3233 of the population thank in no small part to illegal immigration they be in minority in all subdsitrict except jaffa and in no subdistrict do they own more land than arab 

 the absurdity of the partition proposal be demonstarte by the fact that beersheba be award to the jews while it only have about a thousand jews but a hundred thousand arab 

 even in the entire palestine jews make up only a third of the population these be the fact",0.0,1
morally speak killing of innocent people be wrong war should be fight between train combatant without delve in the history what hamas do be wrong and any other nation capable enough would have take the same step as israel do,-1.0,1
whoever win and whomever support have well benefit for india,0.0,0
definitely but if you choose hama you be definitely not,-1.0,1
second I m not a follower of abrahamic religion I have no bias foragainst jews or muslim but I surely know that I would never followrespect any religion that advocate for unprovoked violence,0.0,-1
"it be narrate in the hadith that the prophet blessing and peace of allah be upon he say the hour will not begin until you fight the jews until a jew will hide behind a rock or a tree and the rock or tree will say o muslim o slave of allah here be a jew behind I come and kill he   except the gharqad a kind of thorny tree 

 this seem to be the bad one out of all three tbh",0.0,-1
my god they openly call out for killing of jews like truly violent pos they be,-1.0,0
these remind I of modern day babas who gather superstitious people and tell they do certain thing,0.0,0
what s it get to do with the current or most of they for that matter conflict,0.0,0
"there be so much take out of context in your comment with regard to all the 3 abrahamic religion 

 to truly understand the crux of the situation one have to study the subject in depth 

 share out of context material be also part of the problem imo it create a false narrative in the reader mind",0.0,1
why not make a deal pause the war complete the 3 thing put it back resume the war,0.0,1
well the civilian elect a terrorist organization hamas into power so perhaps it be just a tiny bit their fault too,-1.0,0
who be the civilian,0.0,-1
well the civilian elect a terrorist organization hamas into power so perhaps it be just a tiny bit their fault too,-1.0,-1
you be aware that the palestinians reject two state solution that israel be willing to give they three time,-1.0,0
your second statment be much more controversial,0.0,1
not 1 interested in that ind vs pak match,0.0,0
I have to check google youtube to find out that there be a cricket world cup go on and I m indian sheeeesh,0.0,1
peer pressure be scared of bro,0.0,1
then maybe you should support the side which do not elect a terrorist organization into power which campaign on kill the jews all fact easy to verify,-1.0,-1
"lol yes this use to be my sentiment 
 but israel have be good to india and after see how israel have a similar situation to india I decide that I like israelbut yh they be too close to their religion too",-1.0,0
awwwwww cute,0.0,0
idk man israel have always accept the two state solution its just that the arab be never happy with it,-1.0,-1
bold of you to assume we wo nt try to convert they,0.0,1
plot for prometheus 2,0.0,0
they ll get behead too,0.0,0
base,0.0,0
people make force force do nt drop out of space,0.0,0
good answer,0.0,0
take my upvote   this be the real truth,0.0,-1
where be you when israel killed torture and rape people why be they not call terrorist when the settler attack the civilian they be commit genocide and you support israel they be commit ethnic cleansing and war crime and you support israel they say they will let civilian evacuate but then they target the evacuation truck and kill 70 palestinians you support israel settler israelis kill palestinians in the west bank where hamas be nt there and you support israel you be pro genocide,1.0,0
w,0.0,1
you be aware that the palestinian reject three different offer of a two state solution that israel be willing to accept,-1.0,0
only the dead have see the end of war,0.0,-1
"and for information of bhakts putin will support palestine if require 

 do nt he already",0.0,0
okay pro genocide,0.0,1
"israel be a colonis so I will never support that 

 they be not the coloniser jews be the original people of that land they be drive out by the roman who be take over by the islamist who be colonize by the britisher who then allow to go back to the original location to live with the palestine palestinians have a problem with the jews   so un give seperate country for jews and muslims aka israel and palestine   immediately after this all the muslim country surround israel attack israel and israel win they get additional land in this process 


 so if you be against colonizer that would be the palestine people and the israel people 

 the reason why I support israel be because muslim be allow to be in israel but jews be not allow to be in the pallestine region it clearly show the mentality",1.0,1
"israel create the monster know as hamas because of year of exploitation 

 what you call exploitation be security measure from the surround arab nation I be with israel on this it be not israel who start attack its the arab who did nt want jews among they 

 now hamas be strike back and israel be play the victim card 

 because it be not the israelis who fire 5000 rocket to the palestine 

 neither side should be murder civilian to demonstrate their point 

 innocent civilian suffer due to the action of their government the innocent civilian should have hand the terrorist group to the israelis when they hide gun and bomb under their shop so how innocent be they 

 I think israel government should be try and execute in public court 

 they have be try in the court of public opinion and look like hamas lose the case 


 hamas government after be punish for war crime should have a guarantee give to they about their citizen live and freedom from exploitation 

 when hamas will be punish they would be dead they would nt need any guarantee 

 of course all this be only possible if the most powerful country in the world interfere 

 everyone be interfere and bring punishment to the hamas except for the muslim country ofc who like to see religion than who do what 

 seem like everyone already buy into israel victim card play 

 not sure whether you would call every victim as victim card player but yes I agree 

 so I have no hope for this situation 

 and I have full hope for the situation I be pretty sure that israel palestine conflict be go to be permanently resolve",1.0,1
a lie israel pull out of gaza this be what we get in return,0.0,-1
"as a human rofl I guess you mean as a islamist or a terrorist appologizer or leave lean intellectual 

 there be no logical reason to support pallestine other than than the biased one I hear from muslims support pallestine because they be muslims the left lean intellectual do nt have any logical point to make their strategy be to spread misinformation",-1.0,1
"generally speak I do nt think peace be possible I love the concept of peace but I do nt think its practical 

 we can have long period of peace but not everlaste peace this be true because of limited resource our insecurity hatred towards people who do nt have the same view as our",0.0,-1
"they should have seperate and clear boundary 

 and how exactly do you decide on those boundary what boundary would both side agree to what happen to the million of people live on the wrong side of the boundary when those line be draw be they to be evict from their home again how do you manage that without violence and bloodshed",0.0,0
hamas be not palestine they be a despicable group of terrorist who deserve the absolute bad punishment palestine however also consist of countless man and woman and child who be starve because of this war,-1.0,1
not a hindu you mean,0.0,-1
"uberfox01 

 yes countless people who democratically elect the hamas terrorist as their leader in 2006 and these terrorist did nt leave power since what a world be I right",-1.0,0
"same here no bias feel very sad for all civilian hurt especially child 

 overall on a human level I can not support abrahamic ideology because of how they other people who be not in their tribe with a special hatred reserve for idol worshipper and pagan   we be unfortunately see the violence perpetuate by these ideology in real time",-1.0,-1
"yup judaism be no well tbh after all it be the source of the other two faith 

 judaism require the elimination of idolatry from the world 

 under jewish law an idolater would be subject to capital punishment 

 also where muslim have kaffir jews have gentile 

 all whack job to be honest and more important to clarify both ideologie demand hindus as polytheist idol worshipper and pagan be despise 

 when you begin to look into this stuff you understand why the other religion similar to hinduism be wipe out by the abrahamic ancient greek ancient egyptians germanic paganism etc",0.0,0
"yes which make no sense what sort of god would need I to do some weird ass stuff to grant I my wish sound like some sort of genie  

 its weird but there s a lot of people that truly believe in these prophecy to the point they would killdie to fulfil they and summon judgement day 

 it be nt just geopolitic this stuff be way way deep for they and kind of explain all the different player in the game   the jews the muslim and the christian west who be suppose to help the jews to fulfil the prophecy 

 will be interesting to see what happen now with al aqsa mosque as that be the location where the jewish temple will need to be build accord to their prophecy that s definitely what israel be aim for but then it really will be world war 3",0.0,-1
bro the war have be happen even before hamas be form the root cause be israel expansion for land just look into history,1.0,0
this,0.0,-1
so you can say the same about civilian of israel then,0.0,0
I have realise that now,0.0,0
keep it up,0.0,1
"like I say I do nt support either of they 

 both of the side get blood on their hand israel did nt expand their land through peaceful medium you can google the list of war they do as for palestinians elect hamas in power they be pay the price for this hamas would do anything to win even if it kill every palestinian",0.0,0
bro I think palestine be similar to india,0.0,0
"well to be fair if someone move in on your land take over more than half of it and tell you to be satisfied with whatever they have leave you would you be happy with that solution 

 besides while israel have nominally support the twostate solution their continue settlement of occupy territory have render it a practical impossibility I would nt call that a sincere acceptance of of the solution would you",1.0,0
"this literally sound like the kind of shit the leader of both side must be peddle to the people 

 take your shit opinion and gtfo",0.0,1
hi alien now your name be allah,0.0,0
yes so we force they to do its on the forcing part,0.0,0
bro you really need to get a lifereplying the same shit under every comment,0.0,1
yes I mean support in war,0.0,1
no pro have a spine and call spade a spade,0.0,0
"you do know that palestine be an open air prison they have be take up land from the palestinians and displace they even the un recognise that 

 it be the israel government which remove the jews from that region so that they can blockade that area palestinians be not allow to leave you be misrepresent the reality 

 now explain the mentality that you speak of",1.0,1
"un give seperate country for jews and muslims aka israel and palestine immediately after this all the muslim country surround israel attack israel a 

 the six day war be start by israel nothing give they the right to drag people out of their own damn house just because 10000 year ago their ancestor live there",-1.0,-1
"israelis literally shoot down peaceful protester on the street in the name of protection I do nt know how you can ever justify their action as right 

 it be a group among hama who be do the firing of rocket put the blame on the entire country be stupid 

 why tf would civilian trust the israeli government who have do nothing but oppress they the entire time 

 you be extremely misinformed about the situation and I suggest you do good research before pick the side the united states pick",1.0,0
"israel take 80 and then return 10 

 that s an awful pull out game",1.0,0
"these same woman and child call dead hamas guy as martyr celebrate the parading of hostage in gaza 
 as an indian you should be familiar with this sentiment",-1.0,-1
fyi hamas be the democratically elect government of gaza with very broad support,-1.0,1
therefore I say hamas but another fact be muslim ca nt keep themselves off from their religious teaching easily,-1.0,-1
hinduism itself be indian if I m not wrong so there s no way the supporter would be a hindu as the fight be among two religion who hate hindu   there s no way they be go to support they I do nt support any as well but see the amount of extremism present among people of hamas most be with israel,-1.0,1
for muslims   sharia,0.0,-1
well I wo nt assume if you follow any particular religion but I m a proud follower of sanatan so I just tell myself it be what to expect in kaliyugif you get that reference,0.0,0
"yeah I have read about they eliminatingwipe out other religion even past decade I be not supportive of these abrahamic religion that carry so much hatred towards other   and teach violence towards other because of different opinion on god  
 in our sanatan dharm this be most likely the definition of demon who actively harm other religious or good people",-1.0,1
very very mature and knowledgeable comment,0.0,1
judaism be well what kind of a take be this you do nt see jewish terrorism the way you see muslim terrorism,1.0,0
