cleaned_comments,actual_label,results
"do it bother anybody else that all of these pro palestinian protest clamor for a ceasefire as oppose to a hamas surrender with the release of hostage 
 where be the outcry over the hostage situation",-1.0,1
this be a war that will continue to play out not only in israel   gaza but throughout the west on one side be tolerant liberal western democracy on the other be a brand of islam jihadist   islamist that be convinced we be head toward a war between muslim and apostate the jihadist be happy to get kill in their pursuit of make islam the world religion   government,0.0,0
"israel be in a dominant position after win four or five war in a row and two intifada young people do not know about or remember that most of those war be fight and initiate by the arab side with the intention of genocide 

 in addition israel currently have a rightwe government and be engage in ethnic cleansing on the west bank 

 I agree with you about the war any nation would go to war after an incursion that slaughter over a thousand civilian any nation would be prosecute an urban war in much the same way I do nt know how many civilian casualty would result in someone else like canada or the netherlands be in charge of prosecute the war but I do nt think that the delta be as large as most people seem to believe at the bare minimum it seem like israel be adhere to the rule of war and be not commit anything that could accurately be describe as a genocide but I m also worried that the conflict will result in permanent displacement that the israeli right will use as an excuse for more ethnic cleansing of area 

 the war in gaza be a state take action after action by a terrorist group make the status quo unacceptable to the israeli public the ethnic cleansing on the west bank be revanchism that be completely unjustifiable",-1.0,1
I do nt understand how all these people scream ceasefire with no string attach if you care about woman and child die in gaza care about the innocent hostage as well please,-1.0,1
iranregime which be train and armed and help into power by the animal arafat not iran   we the people of iran know the truth and stand with israel  ,-1.0,0
as an american taxpayer I have no problem send military armament to israel I do have a problem send money to palestine   let their iranian buddy take care of they,-1.0,-1
describe either side as innocent be a misreading of the conflict in my opinion but you be right in that a lot of the leftist rhetoric be see solely through a colonialsettler lens that somehow absolve all hamas violence even as the hamas spokesperson make it clear that they be benefit by war and martyr their own people,0.0,-1
"american here I feel like I m take crazy pill on social medium many of my former friend from college come out as propalestine but antiisrael evil as well I have personal tie to israel but have be look at both side to see where truth really lie 

 in the last month I have see qanon level conspiracy surround how evil israel be when in reality you could nt ask for a nice enemy 
 warn civilian about strike let baby out of nicus and get they transfer to other hospital and help civilian escape 
 I have see video footage of all those thing meanwhile spin doctor feminist that I go to school with say oct 7th happen because of genocide and they be willing to overlook an entire music festival of woman that be brutally gang rape torture maim and shoot in the head with their rapist dick still inside their body invader come into children room and rape they leave their body mutilate and shoot dozen of time in the head to make they unrecognizable because virgin go to heaven automatically 

 meanwhile even if all of their claim of genocide and apartheid state be true which they be nt they d still have to overlook the fact that arabpalestinian do nt want to coexist they have be give treaty after treaty after peace deal after ceasefire after treaty after ceasefire and never have they want it they want all or nothing I m sorry but israel be an established state whether you like it or not with over 6 generation of civilian some of whom have not live anywhere else in their entire life what country would they go back to 

 I just feel crazy believe this because I see people who I think be smart before post the most bat shit insane thing of all time 

 but I m resolve to know that I be right but if actual proof come out I might change my mind slightly I m not like the other side who must live una circle jerk echo chamber for modern arab colonialism 

 I support israel right to defend itself and I hope the good for regular palestinians that want to live and contribute to their community that go the same for israelis",0.0,0
remove,0.0,-1
"it depend what your moral threshold be for kill woman and child in war   I think it be always wrong in every conflict   many just shrug their soldier and say well that s war innocent people die to I there be nt much of a difference if civilian death can be shrug off with such non empathic callous whether it be do indiscriminately or to attack a military target 

 the folk who say well both side do it in ww2 be provide a weak argument in my opinion",0.0,0
american here its insane I see thing the way you have describe here and it have make I an outlier,0.0,1
"excellent analysis here more in depth than any read so far 

",0.0,0
yeah its pretty mind blow I image this be what germany in the 30 be like,0.0,0
this be very accurate it seem that most people these day get their information from tiktok and have never pick up a book about the conflict tiktok be the demise of the western educational system,0.0,-1
this be 100 a proxy fight between saudi arabia and iran,0.0,0
"surprise this post did nt get you ban for your rational thinking  
 skinda",0.0,0
remove,0.0,0
,0.0,0
remove,0.0,1
"the role of a very nonobjective medium in shape public opinion need more attention 
 the director or al shifra hospital be make false claim on no water or oxygen day after day and give cover for terrorist 
 today I read his brother be a hamas commander 
 why be non of this mention by the bbc or npr or cbs just broadcast all the bs 
 who be the journalist and their editor 
 they be not objective at all",-1.0,0
hamas as they share with the new york times get exactly what they want dead jews creepy p0rn and load of funding from the western public it be a cycle of scamme for the clickbait while the rest of the mena violence go unnoticed,-1.0,-1
I be convince no one with this take be capable of read a book and pose exactly no object permanace,0.0,0
"you miss some add context in your post israel get much much more aid just from the us than palestine and it be not even close israel spend 997 of its 33 billion in us aid from 2022 on military expense there be no war at this time since 2000 israel have spend 86 of we aid on military expenditure the total of which be worth north of 60 billion 

 in comparison all of palestine east jerusalem west bank gaza from 1994 to 2020 combine for 41 billion in total aid from all country include we and gaza due to the nature of hamas relationship with israel and usa do not receive the sizeable chunk you think it do most of it go to the palestinian authority in the west bank which itself be be colonize by israel even as we speak the result then be money from the west bank actually funnel back into the israeli economy 

 of course there be legitimate question as to how the money be handle by the palestinian authority whatever the amount may be but there be no doubt that israel occupy more and more land in the west bank and blockade gaza while also maintain an absurd amount of control over the life of the palestinians be not do anything good for the cause of peace it be do the exact opposite and this be disappointing but it be not surprising israel be execute its plan to control all of the holy land and so long as the world will continue to be blind of this it will work 



",1.0,0
remove,0.0,0
yup and hamma be use public service place such as hospital and school to protect themselves lmao and also if you be talk about who s land its be israel like for 3000 year,-1.0,0
I be increasingly furious and sadden with the protest happen around my home nyc vandalize the new york public library a treasure icon because of the jewish benefactor name attach and yell at shopper with megaphone outside of macys in herald square only turn people against your movement you be not raise awareness of an issue we all be follow and sympathize with if the nypd show up with hose to disperse you I might change my mind but stop compare yourself with the civil right movement I guarantee you that most of these people be go back to nice apartment do their holiday shopping online at amazon go to nice college and be live very comfortable life without acknowledge even the slight bit of irony of their action,-1.0,0
united states give aid to the palestinian authority which be base in west bank apart from hospital palestinian authority have little control in gaza,0.0,0
"because for almost all of the protestor especially in the us its not actually about israel or palestine they will take whatever side be against the us and the west in general they be activist in search of a cause any cause it do nt matter what it be 

 there s a chinese lady I follow on twitter who live through the chinese cultural revolution under mao she s try to warn we that this be the same marxist ideology that destroy china everything be make out to be oppressor vs oppress and its absolutely ridiculous 

 the issue be never the issue the issue be the revolution they want to fundamentally change the west so naturally in this instance they will always be against the side govern on western value",0.0,-1
this post be on point,0.0,-1
its antisemitism in action even people who think they be nt antisemitic end up be functionally equivalent because they have other bias and sufficient ignorance that they accept the foundation create by antisemite without question it before you know it they be too personally invest in their position to ever admit the fundamental inequity and hypocrisy of the value they claim to be concern with,-1.0,0
israelis   palestinians be both deal with shitty government I have nt go to any protest or reshare much because people be be blind to hamas action but the footage be share by average nonterrorist civilian be pretty rough to watch,0.0,0
"hamas leader in 1993 be record on a wiretappe conversation state that their goal be to deceive the american public into support hamas by appeal to the american left denouncement of oppression 

",-1.0,0
remove,0.0,0
I do nt agree with your view point its take out of context,0.0,0
ca nt agree with you more even though I know its useless to argue with people on the internet I feel compel to be outspoken in my support for israel while acknowledge that there be also extremism and atrocity on the israeli side eg wb settler and bengvir because I hope that it may at least encourage some people to really look into the historical and religious context of this entire centurieslong conflict and educate themselves instead of just listen to what the progressive crowd be say,-1.0,0
"its absolutely ridiculous there be like 48hrs after 107 where the western world be finally see the barbarity of hamas and the absolutely impossible situation israel find itself in but then it be right back to muh settlers apartheid blah blah 

 the only thing I can think be that reddit be full of weak people that ca nt distinguish between power and malice although I do nt think antisemitism can be outright dismiss after all where be the outrage at sa for yemen",-1.0,0
joe biden 6 billion like obama 3 billion include pallet of cash give money to iran   iran fund every dirty player and the arab spring be bear thank to obama   now iran fund hamas and they blatantly attack israel   those two   no one else   be to blame trump have the abraham accord a real positive step towards peace   obama will not have it   so joe release the 6 billion,0.0,0
remove,0.0,0
it be sad to watch the worldwide hamas apologist scream for ceasefire instead of free the hostage it would have be more sincere of the protestor to demand immediate return of the hostage and a ceasefire instead it be a shrill cry to protect hamas and no demand for release the hostage not a single placard against hamas in all the protest for ceasefire,-1.0,0
if you ask I ask hamas to surrender and for bibi to be jail seem more logical,-1.0,0
they be treat the suppose civilized democracy as a civilized democracy and the violent religious fanatic as though they ca nt be reason with joke on they neither group can be reason with,0.0,0
these ceasefire people be either hamas supporter or complete imbecile in many case both,-1.0,0
and the terrorism and many report case of rape and sexual violence this be the reason I drop out of the protest,-1.0,0
"I have three word queer for palestine 

 this be a mind virus about oppression and karl marx   the smart people have leave the building",-1.0,0
what s also notable be that israel provide more support to gaza than any other country no arab country have lend any hand gaza be a pawn for garner arab and bandwagon liberal support,-1.0,0
if you ask the palestinian protester they will tell you its because the israelis deserve it and the only reason there be hostage be take be because they be live in an open air prison and its the only way to make the world listen they have absolutely no sympathy for hostagetaking and they condone act of terrorism as long as the people commit the act of terrorism be in their eye oppress in anyway I mean hey look at tiktok today the last couple of week they have be spread around the osama bin laden letter to america say america deserve 911 two,-1.0,0
"i d disagree with you kind of I think the idea you be propose be correct what I disagree with you on be the scope and label 

 I do nt think this be just a middle east thing I think its a global war between the idea of democracy and authoritarianism we have country in south america north america europe africa and asia all embattle between group advocate for democracy and one for authoritarianism 

 the february 2022 escalation of the ukraine war be I think emblematic of this and here be just another way its be play out democratic israel vs the authoritarian hamas government you can theoretically have a democratic jihadist government hamas be not 

 personally I think an extremely concern portion of the democratic population have be grow in their belief that authoritarianism be the answer to their problem as it be an easy solution to what problem every problem people want to feel morally justified and authoritarianism be exponentially well at make moral superiority clear and simple democracy require nuance understand learning and discovery to come to conclusion about whether something be morally good or bad or where on the morality spectrum it land authoritarian just tell you its morally superior or if its anyone outside the regime morally corrupt and that s it 

 its the only way I can think of that explain syria and western response towards the civil war there authoritarian dictator massacre civilian to retain power and fight off democratic revolutionary just ignore it because its easy that way democratic israel in an incredibly complex situation where answer for their action take time and think to understand just go with what the authoritarian say its easy to find moral justification in their answer than it be to engage mentally with morality around israeli action and answer",0.0,0
remove,0.0,0
gosh thank you for say exactly what I be think,0.0,0
do nt forget that thug and dictator like putin and xi just love have more conflict in the middle east to distract the tolerant democracy away from their own power grab they will try to keep the conflict go as much as they can get away with,0.0,0
israel be in a dominant position israel be repeatedly attack should they apologise for win war I agree with you about the west bank but this war be not about that I believe it be a good move to support israel to get rid of netanyahu israelis have be protest he for month before this but no one will make a peace deal with hamas and hamas will not make a peace deal,-1.0,1
this be great one note though   israel be 20 arab and mizrachi jews come from other middle eastern country and africa make they arabic jews jews be actually an incredibly diverse ethnic group with a lot of overlap   and many jews be not white palestinians be arab and it be nt really an ethnic cleansing because it be nt about their ethnicity its about they attack israeli citizen   many of who be arabic themselves,0.0,0
perfect summary,0.0,0
"ethnic cleansing in the west bank 

 jews be ethnically cleanse from inside the 1949 armistice line by jordan but return so palestine do the ethnic cleansing in 1948 basically",-1.0,-1
what make u think the wb be ethnic cleansing,0.0,0
"I think you be overcomplicate it the youth ask who what when where why 

 for they hamas be an obvious response base on origin date alone we be a diverse country w a lot of colonized people live inside its easy for they to identify and condemn colonialism the rest be a cultural trickle up effect",0.0,1
how be relentless bombing help the hostage though,1.0,0
remove,0.0,0
"of course neither side be innocent name one single country that be innocent 

 the conflict stem from the fact that palestine along with many other arab nation call for the eradication of all jews something that obviously contradict the existence of a jewish state",-1.0,1
I think you can recognize that israel have do some bad shit but also understand they be surround by enemy fight for their survival against hostile force seek their destruction and op be 100 correct israel have offer numerous peace deal all reject by palestinians and they have never attack first or without provocation of imminent attack,-1.0,1
finally a balanced view thank you so tired of all the black and white thinking,-1.0,0
the so call leftist view be a humanitarian view of not hurt innocent people it be be exploit by conservative as mean they back terrorist which be blatantly not true and in fact the opposite of a humanitarian view meanwhile conservative who be tribal by nature be show their true color of have little regard or care for human life outside their own tribe and have zero tolerance for people with humanitarian view,0.0,1
if jews be colonial settler in the kingdom of israel just imagine if colonial settler get overthrow by the woke west who continue to tell I colonialism be the source of all problem while live in america,-1.0,1
remove,0.0,0
"hamas be a religious extremist military that control gaza they intentionally weaponize the civilian of gaza by make sure they be put in harm way 

 I do nt think most people be be callous by blame both israeli and palestinian civilian death on hamas 

 to far drive this home why would gaza be the sole focus of israeli aggression egypt jordan lebanon and germany have all have conflict with jews and israelis yet all of they now be in peaceful relation as far as israel be concern 

 israel and germany now maintain a special relationship base on share belief western value and a combination of historical perspective among the most important factor in their relation be nazi germanys genocide of jews in europe during the holocaust 

 if israel can work together with a nation that once try to genocide the jewish population then they be definitely willing to do the same with other it need to be an effort on both side and unfortunately until hamas be remove that can never happen 

 israel and saudi arabia be about to make a trade agreement that would far legitimize israel as a nation among arab muslim nation which be in direct conflict with the idea that israel be incapable of work with other nation to reach peaceful resolution after they have be victim of conflict 

 the shiffa hospital in gaza just have their medical director arrest because he be allow hama to operate in the hospital as a military outpost he be the brother of a hamas officer he be the same one that lie about alshifa have its power cut by israel as well as multiple other fraudulent claim against israel hamas have do a great job with their propaganda and take advantage of the fact that most people wo nt follow up on their fraudulent claim",0.0,0
"the rule of war draw the line not at kill but at deliberate targeting of civilian that be a wise distinction selfdefense in war may require kill tragically even of woman and child although I m never sure why these kind of conversation exclude adult male civilian from humanitarian concern in these conversation as if they did nt also want to live deliberate targeting be a choice and must be avoid 

 hamma deliberately target civilian israel have kill civilian in the course of otherwise justify military operation that s a very important difference from the pov of international law 

 israel do have a further obligation under international law   to minimize civilian casualty as it pursue legitimate military target that be difficult especially since hamas be deliberately use civilian as human shield but also wise israel must do this and must be able to demonstrate it have attempt to do so once the fog of war clear",-1.0,0
ok then how would you if you be hypothetically in charge of the idf command your troop to destroy hama would you withhold air support and send thousand of your soldier into know perill to try and minimize civilian death how long do you think you would keep your job take that approach,-1.0,0
this be functionally a pacifist position,0.0,0
intentionally target civilian be miles different from accidentally harm they this be doubly true when one side consistently utilize civilian infrastructure as cover for military activity,1.0,0
I agree there be a reason the geneva convention be update after ww2   to prevent the attack on noncombatant civilian that be see as unjustifiable,1.0,1
I do nt think you be an outlier I think the majority agree with op it be just the minority be a lot more vocal on social medium and most of those people in a few month will pick on something else to protest and forget about palestine its the same people who be protest climate change and veganism and blm and now do nt say a word about any of these topic anymore,-1.0,0
delete,0.0,1
you thank china for brainwash our child maybe all part of their master plan,0.0,0
I do nt think israel be a proxy of saudi arabia,0.0,0
"I do nt get why this be downvote   
 it kind of be although iran see israel as even more of an enemy than saudi arabia   
 but a saudiisrael alliance be their bad nightmare and they know a major war weakens israel support in the world hence the attack",0.0,1
"that iron dome have to block rocket and mortar fire at it daily in the past decade it have to deal with 20000 rocket be shoot at it constantly from gaza it be 10k within the last decade and over the past couple month that number have double as soon as israel pull out of gaza occupy it hell break loose with rocket attack they israel and its citizen be much safe when they occupy gaza territory 

 unfortunately that mean gazan have to deal with injustice restriction and limitation because israel can not trust they",1.0,-1
"israels military budget be unfortunately necessary though the iron dome cost a lot of money and they have to spend on the army to keep the country safe its pretty terrible that a nation need to live under a missile bubble and have in build siren system and bomb shelter I would also like to point out the 3 top leader of hama be all billionaire and live in qatar they could help their people but they do nt want to 
",-1.0,-1
"they have already break the ceasefire they begin fire rocket less than 15 minute into the ceasefire 

 people also seem to forget that the october 7 attack happen during a ceasefire 

 ceasefire just allow hama to build up more resource before attack again",-1.0,0
yes it bother I that people do nt see the asymmetry   israel should stop what they be do but hamas be nt expect to stop hold the hostage,-1.0,1
"as someone who until recently consider myself some kind of socialist this be what s happen much of the left see that the system be nt work the furth leave the leninist tend to be the one lead the discourse and many of the protest on the ground in many way they be more sane than liberal because they actually want to accomplish thing revolution and not just divide by identity and virtue signal however it have become clear that one of the thing they be not so sane on be support for terrorism many many socialist outright support the terrorism and because there s some kind of disease among the liberal where they be afraid of conflict and have be convince that increasingly radical opinion be more virtuousafraid to disagree with oppress people they end up go along 

 in short radical liberalism without communism do nt make sense many be now see this communism tie it all together and also apparently sometimes support terrorism could also be influence by foreign funding andor propaganda agenda actor who just want to see america burn not any sort of reconciliation or positive path forward 

 not a pretty development on the left imo I m actually glad that it seem most people can see this and still support israel",-1.0,1
netanyahu be not even the problem he be just a puppet for smotrich and the settler,0.0,0
"they both can be reason with so long as you understand the context of who be do the reasoning 

 hamas as an organization be pretty reasonable its just that their goal be the destruction of israel and the imposition of their version of islamic law by whatever mean they deem necessary once you understand that you can understand the naiveite of try to impose a longlaste cease fire 

 israel be a pluralistic democracy with a lot of current faction but you ll never get the overwhelming majority of the country to refuse to take reasonable measure to defend themselves against a genocidal terrorist group you can pretty much just ask yourself what the we would do in a similar situation and you have your answer its go to be difficult to convince israel stop short of destroy hamass capability to wage war on israel 

 israel have move toward peace before when they think it be possible but the rejection of peace by arafat and the reasonable amount of peace bring by build wall and impose checkpoint in the west bank make an arab state in palestine a hard sell they try that by withdraw from the gaza strip and they get hamas any long term peace would probably need a third party to impose order in gaza and the west bank for a long time",0.0,0
"interesting may I ask why you be in they to begin with 
 be you palestinian",0.0,0
"social justice warrior thank you for your service 
 ill forever advocate for israel right to exist 
 they can start search for their next cause",0.0,1
israel have essentially be babysitte gaza for the past several decade its like take care of a baby who keep destroy thing and throw their toy at you you ca nt trust the baby to be on their own and not be a baby so you ca nt leave it by itself who know what trouble it may get into by itself you just have to keep watch it and take those hit with its toy and the occasional break vase when you try to dodge one throw at you,-1.0,0
"well put 

 democracy be not instantly gratifying and westerner who cheer for hama be also the one who ca nt put down cell phone   so we know their take on gratification",-1.0,0
that be literally isis isis be strong because the people support the movement it be nt a fringe ideology,0.0,1
head in the sand much,0.0,1
the west bank publicly execute 2 accuse israeli collaborator it sound like the west bank have join the fight to I,0.0,0
"while the origin of palestinians and israelis be largely the same as palestinians also have origin from neighboring arab country and not all have live in the land of palestine for 1000 year like some ppl believe the palestinians have claim themselves as a people they have give themselves a national identity that seem to be rather fluid and adhere to their diaspora as well we can not ignore that people state ethnic cleansing be refer to the idea that palestinians as a people be be cleanse out of the land 

 that say   this war be not about ethnic cleansing and do not have that intention",0.0,0
just to add since this seem to be a common misconception   arab be not an ethnic group its a label that mean less than hispanic do all it mean be that you be from one of the   country that natively speak arabic the only people who be ethnically arab be people from yemen saudi people from the peninsula however ethnically egyptians be egyptian palestinians be palestinian syrian be syrian etc,0.0,1
this war in gaza be nt about ethnic cleansing you be correct the jews have be ethnically cleanse from all surround country since 1948 but that do not make what be happen in the west bank ok either I have be to hebron it be a tense place,1.0,1
it have kill hostage since hostage be stay in house,1.0,0
i d stand and protest against any attempt to do that as readily as I would protest the bombing of palestinians but we have to be able to have a conversation about the oppression and secondclass treatment of palestinians in gaza and the west bank without have to answer this existential threat the fact be that these be two minority who be deeply traumatize by violence recent and longstande the fire and brimstone rhetoric be understandable but if we be to have a conversation we have to find the voice that be earnest and want to grow alongside one another in peace,1.0,0
"not just surround either they have they live in israel the bedouin occupy land in israel and many refuse to become citizen or follow the law of citizen each year they claim more and more land and they grow in number israel pay they million for protection which be just assurance they do nt terrorize kibbutz nearby like they have do in the past 

 that say they have be invaluable many time to the idf because the bedouin know the negev like no one else and have help uncover tunnel and secret hideaway by hamas and palestinians militant",0.0,0
eh its hard to see how humanitarian would cheer for a massacre,0.0,1
yeah that s not at all accurate there be some pretty insane subreddit and tiktok community I have be ban from multiple for state fact nothing controversial just challenge their view which be often far too simple eg israel did nt build the border wall around gaza for fun they build it in 1996 to stop the almost decade of car bomb from hamas and other group,-1.0,0
"yeah I mean I do think you be onto something here it be a bit of americanocentricism and colonial guilt that be overcompensate and make otherwise rational people in the west side with hamas I think there be such a thing as justify violence but I can plainly look at the october 7th attack and see that it be mean to terrorize and unsettle people more than make any political claim its likethe price of palestinian freedom be high but if it be win by hamas then it come at the cost of their own humanity and once you give teenager with gun and rocket power its unlikely that they ll lay down their arm once their initial goal be accomplish 

 their solution be just violence that beget more violence israel current approach see palestinian civilian as an acceptable toll for getting rid of hamas but to I its another loop in this decade long spiral if israel be serious about replace hama it too must challenge its approach to the annexation and splitting of palestinians into the west bank and gaza and find a way to lend hope and peace to both the jewish people and the gentile that tend to the land in their stead",0.0,1
the term antisemitism be design by antisemite as a way to describe judenhass translate as jewhatred in a more subtle way there be never a time when antisemitism refer to anything other than jew hatred,-1.0,-1
the term antisemitism be coin specifically to refer to the hatred of jewish people nitpick semantic wo nt get you anywhere you ignorant moron,0.0,0
"wild that you can pretend to not know what a word mean to people 

 what be the right word for hate jews if not antisemitism",0.0,-1
do you prefer the term jewhater,0.0,-1
that s actually a good point israel have make peace with germany of all place so its not like they be warmonger,-1.0,0
correct and it avoid the real world to such an extent that state kill innocent be wrong in every conflict do nt really add anything to the conversation,-1.0,0
I believe we have the ability to evolve past blow each other up over invisible line that have be historically create by conquest and enforce through violence the western world eliminate slavery despite it be the norm for thousand of year we do nt have to keep repeat stupid because its be the norm,0.0,0
do hamas abide by geneva convention or do they get a pass for be oppress do israel abide by geneva convention or do they get a pass because hamas be genocidal,0.0,1
spot on,0.0,0
yeah seriously look at greta   really lose respect for she here,0.0,0
I really hope this be true as a jewish person in the us this whole conflict have be very stressful,-1.0,0
ally definitely against iran,0.0,-1
"we and my text totally agree israel be catch up in a proxy fight between who rule the muslim or at least the arab world the answer will eventually be turkey but that s another topic saudi arabia and iran be in battle for how be the regional power 

 saudi want a peace deal with israel not because saudi suddenly love israel or the jews but because saudi arabia do nt want other distraction in its neighborhood and might even want military common cause against iran iran see this while in the multiyear prepping of a 3 way murder attack on israel to shore up support among the sunni who would normally be its enemy but when saudi make this move iran up the timeline and have hamas unleash the usual genocidal glee this disrupt any alliance between saudi arabia and israel and so iran win this round 

 iran do nt give a rat ass about palestinians or their baby but be very comfortable with theocratic fascistic leadership such as hamas iran hope to maximize death on both side because its good pr for they 

 that be this war I could go into large context of how authoritarian and especially theocratic society never prosper in the long run but short term can be effective and be not fun to live in but authoritarian will use any device to maintain power",-1.0,1
a hamas ceasefire be like a 5 year old calling time out when they be about to get tag,-1.0,0
a majority of the people on here did nt know who hamas be before last month,0.0,0
also people seem to not mention that prior to 107 hama have fire 17500 rocket into israel over the previous 8 year that be about 4 rocket attack against israel every day for 8 year,-1.0,0
no one that be nt extremely online be listen to leninist lol you be only explain your online echo chamber,0.0,0
no I just always lean progressive and be into decolonization and justice and stuff then I realize that s not what this be just some western slogan that be barely tangentially applicable plus all the woman and child israel kill they do need accountability for that,1.0,0
no one can put down their phone proisrael people be just as chronically online just look at reddit,1.0,0
there have be ongoing conflict in the west bank for a long time,0.0,0
for well or bad plenty of place try and punish suspect spy during peacetime the us certainly have robert hanssen jonathan pollard to name a few,0.0,0
and as a long term pattern there be only more and more palestinians in gaza and the west bank   so israel have be commit genocide for decade ring hollow,1.0,0
"I might split that last hair 

 if hamas win there will be a good amount of cleansing go on 

 hamas ca nt win and israel ca nt lose though so the only reasonable outcome be a stalemate or israel win in which case you be correct",0.0,1
"chatgpt do nt agree with your statement 

 ethnicity be a concept use to categorize people base on share cultural characteristic such as language ancestry practice tradition and history unlike race which be often link to physical characteristic ethnicity be primarily associate with social and cultural trait 

 yes arab refer to an ethnicity it encompass a group of people who traditionally originate from the arabian peninsula and neighboring territory speak arabic as their first language the arab ethnicity be diverse with people live across 22 country in the middle east and north africa each with its own distinct culture and tradition however they share a common linguistic and cultural heritage that make they identifiable as arab 

 I wo nt list the 22 country buy palestinians be consider arab as be egyptians",0.0,1
"67 jews be kill in hebron in 1929 and their land be steal that be ethnic cleansing 

 now what be israel do as ethnic cleansing",-1.0,1
ironically your protest might matter to israelis who care about the opinion of their western liberal democratic ally although they also care about their security your protest wo nt matter one whit to hamas or their ilk if they ever gain the power they seek to murder all the jews I understand your fairminded and humanitarian intention I really do but pardon I if I take your willingness to protest for both side when the time come with more than one grain of salt,-1.0,0
"I respectfuly disagree as the existential threat be a key factor in a lot of israeli policy and be necessary to understand certain policy and also necessary to understand that israelis be also heavily traumatized I have live through multiple war and have bomb fall a mere km from I before I be even 18 I have have friend die in suicide bombing the threat be visceral and real 

 it make I empathetic to palestinians who do nt exactly have a well experience but yeah we can not ignore the existential threat nor can we ignore that the palestinians be not israelis they be not citizen that be the very core of the issue be nt it so many thought there 

 this be nt to say I can not protest against israeli policy in the west bank and with regard to gaza building settlement in area belong to the west bank be as moronic as it be harmful",0.0,0
you be totally right we do need to sit down and have a conversation about the treatment of the palestinian people a conversation that be impossible as long as hamas be in power,1.0,0
they turn down multiple two state solution you should read the realignment plan under obama it be very very reasonable towards the palestinians and would have end a majority of the settlement once you become a state you have to be responsible for your people the pa and hamas have no intention of responsible leadeship,-1.0,0
"the fact be that these be two minority who be deeply traumatize by violence recent and longstande the fire and brimstone rhetoric be understandable 

 be this a joke the palestinian ideology be literally form in 1941 by a literal nazi they be call for the death of all jews in the middle east in the middle of the fucking holocaust and directly state that the goal during the invasion in 1948 be kill every last jew in palestine 

 this be nt some abused child lash out this be a genocidal fascist organization attempt to commit another round of the holocaust and always have be",-1.0,0
none of this matter as long as hamas control gaza,-1.0,0
remove,0.0,0
"there be absolutely nothing that be nt complicated about this entire mess every new chapter be another tangle jews be not thrilled about the choice of 2005 either but palestinians be very specific about not want to leave their specific home not that anyone should have to but as you see in this video this be the culture of try to share in this complicated scenario go so far as to jail anyone in the west bank who sell their home to an israeli so that also complicate thing should anyone want to become an israeli citizen in the event the moderate work their share tragedy feel in the next election   but I m with you I my mind I see much of the south be need to be rebuild and so expand gaza feel more appropriate but its also not at all my choice so who care what I think amiright 

 re 107 the thing be that this be nothing new you can see footage and testimony here of the hebron massacre one of many many many before israel be even restore that exemplify the same behavior idk if its just that mohammed be nt the great role model or what but its always be particularly violent against woman and particularly unsettling in nature 

 something that come to mind today regard the annexation be the assassination attempt on abbas I do wonder if its preemptive to regain control of those act for hamas in the wb since the plo seem in jeopardy I guess only time will tell",-1.0,0
just like the moral defeatist justify slavery for thousand of year because seek to destroy it be unrealistic humanity decide to evolve past the immorality and stupidity I have hope because there be precedent to move past idiocy even on a global level,0.0,1
"violence can be effective and people be selfish nothing have happen to change that slavery be eliminate at least in part because it be economically inefficient 

 also a form of slavery be a crucial part of the economic system of the oil country in the middle east",0.0,1
slavery be very much still a thing in the western world,0.0,0
i d like that to be true in the meanwhile people should stop blame israel for this basic fact of human relation,-1.0,0
yeah they be a terrorist group not the leader of a nation,-1.0,0
the geneva convention do nt say zero civilian death if that be the case then no one have ever follow they the geneva convention say no intentionally target civilian if you fight a military and civilian die in the crossfire you be just do war not break geneva convention hamas target civilian israel do nt,-1.0,1
not officially yet but yes it be know they have be work under the table together for many year,0.0,1
thank for the insight personally I think iran just sacrifice one of their pawn hamas for nothing and the peace deal between saudi and israel   will go on perhaps they think with hezbollah they could seriously threaten israel but maybe they did nt bet on the us ship be send immediately to deter any serious attack from hezbollah,0.0,0
be nt it though,0.0,0
"check out party for socialism and liberation on instagram its a grow movement I have be getting radicalize not anymore but there s a grow number they be a leninist party they have a pretty large following and prominently feature if not help to put on most large protest go on you can recognize they by their sign which follow a certain format have consistent slogan and the party namelogo on there 

 I be only respond to a question not try to justify protest or not protest but leninist tend to be some of the most organized and involve on the ground leftist in recent year and historically too when big change start to happen 

 in fact most of what be consider communism today be leninist as they consider lenin to be a main advancer and tester of communist theory cuba china anywhere socialism actually exist or claim to they be most likely go to cite lenin as a main historical influence just as physicist will cite isaac newton even if they have some disagreement with his theory and the field have move on 

 trotskyist who branch off around the time of lenin be a much more rare form or communist that carry fundamental disagreement with lenin 

 anyways the communist history lesson you did nt ask for 

 edit to clarify again I be not a communist just have be explore it recently until most serious communist I know of come out in support hama however it be a grow movement offline and this tell we some thing about our society at present",0.0,0
you do nt need to read a book when you can witness it happen in real time,0.0,0
"egyptians syrians palestinians morrocan etc do not originate from the arabian peninsula there be some share culture but every very separate ethnicity that you call arab   include the one that do nt have state like druze and bedouin   have their own society and culture the only thing they share be a language palestinians be arab and so be egyptians but palestinians be not ethnically egyptian and egyptians be not ethnically palestinian 

 I ca nt believe I m argue with chatgpt but even by your own definition there be no share ancestry history or tradition and only some share practice usually islamic or christian one would you consider swede and danish to be the same ethnicity because they share christian tradition a language and some share practice what about turk and azerbaijani mexican and argentinian",0.0,0
what israel be do in gaza be not ethnic cleansing and yes the jews have be ethnically cleanse no argument there I m refer to the israeli settler in the west bank you do nt have to kill people for it to be ethnic cleansing just force they out,0.0,1
"israel still have nato and the us as its ally and our intelligence network and military industry be already so intertwine I do nt think that s go to change bar some colossal fuck up israel may be in a quagmire but I think most nation know that no huge action can be take against israel without set off a major global conflict 

 I m half pakistani so I can relate to be in a newly establish country that have existential threat as its neighbor but the land of the middle east be the plight of zionismand so this be now the question israel must answer will this country fight fire with fire and far isolate itself in the levant or will they try to find peace even though it be the hard question 

 I know that israel have make attempt at peace but attempt to reconcile be nt the same as reconcile the latter will have setback and challenge and yet it can still be see through in my mind it must be see through if ever this existential threat be to be put to bed",1.0,0
"bill clinton make a pretty solid attempt too I think the left go from why be a criminal be a criminal and we should sympathize because maybe they just want to eat to the next step of why do they commit terror let sympathize with they its a sickness that be root in politic 

 hamas just want to rape and slaughter innocent people and child the people try to sympathize with they be go to create more terror and life lose if hamas really want to fight back and free palestine like some claim why did nt they fight back in the west bank and target the idf 

 how these same people do nt see how horrific hamas be for the palestinian people be stunning they do nt know history they follow the late cause blindly they have no concept of the horror hamas have cause and palestinians wo nt be free or see peace under hamas yet there they be out there legitimize terror",-1.0,1
"there be many some of whom be on the left that think and have express some combination of 

 1 israel be an illegitimate state and should nt continue to exist 

 2 palestinians have a right to resist with force so their use of force be legitimate 

 3 israeli use of force affect civilian so ca nt be justify 

 for people who argue those point while all but ignore the death of israelis its hard to argue that it do nt constitute a position of this be fine when it come to the hamas attack   I m not even proisrael but expect any country to go through that kind of attack while still to this day have rocket launch into their territory and not respond be preposterous",-1.0,0
umm I m pretty sure I hear from the river to sea palestine will be free from the left so you be wrong,0.0,1
"your ability to bury your head under the sand be impressive how about the dsa how about the head of the psl 





  and as you might have see there be some sort of rave or desert party where they be have a great time until the resistance come in electrified hang glider and take at least several dozen hipster one speaker joke about the hamas assault on a desert rave Â  where horrific scene of murder and rape take place 

",-1.0,1
"I have see ton of people cheer october 7th under the explanation that they believe the vast majority of killing be adult israeli military and that they believe the majority of israeli child kill be from israel shell and fire bomb the home before go in 

 it be not a rare view at all among that side of the field",-1.0,0
and of course that evolution beyond immorality and stupidity did nt occur by people just wish it to be so it take year of war and hundred of thousand of death at least in the us when you have billion of individual worldview in competition yell cmon guy do the right thing do nt usually get your anywhere,0.0,0
no they be the elect government body of gaza and the only reason gaza be not a nation or a state be of their own accord gaza be under egyptian rule from 19481967 why did nt they become a nation then,-1.0,1
"the group in early 2006 win legislative election in the palestinian territory end the secular fatah party hold on the palestinian authority and challenging fatahs leadership of the palestinian nationalist movement hamas continue to refuse to recognize or renounce violent resistance against israel and in early 2008 conduct a suicide bombing kill one civilian as well as numerous rocket and mortar attack that have injure civilian 

 they be the de facto govern body of gaza since 2006",-1.0,1
"egyptiansdo not originate from the arabian peninsula 

 what chatgpt say be arab be people who traditionally originate from the arabian peninsula and surround territory   that would include egypt and the rest of the country you mention 


 the only thing they share be language 

 all the group you mention share a lot in common that be   why they get group into the ethnicity of arab   food history behavior value custom religion or religious context etc    people familiar with the middle east will qualify use of the word arab with modifier like christian arab to recognize that they be additionalunique custom practice and culture at play in addition to the standard assumption    or they will say moroccan   when they want to describe the characteristic share by arab or jews from morocco   for example the hot headedness see in the stereotypical person of moroccan descent 

 would you consider swede and dane 

 yeah we would call they scandinavian in recognition that they share a lot of cultural characteristic   we would call they swede when we want to point out the unique characteristic of scandinavians from sweden 

 mexican and argentinian 

 we call mexico and argentina latin america and we generally refer to people from either country as latino or latin american 

 would you call people from then usa americans    the food religious practice politic daily life schooling etc differ greatly from region to region    you would be hard press to find a progressive from brooklyn that live anything like a conservative in texas    I would call they all americans even though they literally only share the same language and federal government",0.0,1
"nobody be ethnically cleanse jews live on either state land or land that be own by jews before the jordanian occupation nobody be expel to make way for a jewish town in fact kfar etzion a jewish town within what would be the west bank have about 111 people massacre in 1948 by jordanian arabs and their land be steal so its not palestinian land 

 as for actual palestinian land israel give they autonomy in oslo accord",0.0,0
he even fly into the gaza airport in 1999 I believe,0.0,1
"hysterical make up nonsense 







 look at how ignorant you be 

 settler colonist from poland want to play the victim as they rape steal and pillage indigenous land go back to krakow pal 

 you be a liar the majority of israeli jews be mizrahi jews who be refugee who flee the middle eastern arab country that commit massacre and ethnic cleansing against they 

",0.0,0
in the western world in the early 19th century most european nation in the west do not have to fight a civil war to free their african slave this be unique to the united states and haiti,0.0,1
yes because they refuse to have election,0.0,0
so not an ethnicity but a term use to describe a large group people who share a loose cultural group how be you disagree with they,0.0,0
ah ok maybe I should nt have use the term ethnically cleanse my apology I do think we need to keep an eye on the west bank though just so you know I support israel in this war I be just wary of try to portray israel as do nothing wrong and keep an open mind about critique towards israel the information go around now though absolutely nut what people will believe from twitter,-1.0,1
pretty easy to free slave when all you do be export they to other place britain can free slave by fiat and not have to deal with the consequence how many slave be in chain in britain when they so peacefully come to their sense,0.0,1
that do nt change the fact that they be the de facto govern body of the gaza strip,0.0,1
you can not expect or force palestinians to be democratic part of self determination be have your own rule within your border do you believe that palestinians want outside interference to remove hamas so they can hold new election,0.0,0
"ethnicity be a concept use to categorize people base on share cultural characteristic such as language ancestry practice tradition and history unlike race which be often link to physical characteristic ethnicity be primarily associate with social and cultural trait 

 that be chatgpt   and now wikipedia 

 the arabs arabic Ø¹Ø±Ø¨ din 31635 Ê¿arab arabic pronunciationa ËÊarab   also know as the arab people arabic Ø§ÙØ´Ø¹Ø¨ Ø§ÙØ¹Ø±Ø¨Ù be an ethnic groupb mainly inhabit the arab world in western asia and northern africa 

 the term scandinavian may be use with two principal meaning in an ethnic or cultural sense and as a modern and more inclusive demonym   in the ethnic or cultural sense the term scandinavian traditionally refer to speaker of scandinavian language who be mainly descendant of the people historically know as norseman but also to some extent of immigrant and other who have be assimilate into that culture and language 

 mexico and argentina share the same two large ethnic group   base on cultural practice and not race white and mestizo",0.0,0
"the act create fine for ship captain who continue with the trade these fine could be up to 100 per enslaved person find on a ship captain would sometimes dump captive overboard when they see navy ship come in order to avoid these finesthe Â  royal navy which then control the world sea establish the Â  west africa squadron Â  in 1808 to patrol the coast of west africa and between 1808 and 1860 they seize approximately 1600 slave ship and free 150000 african who be aboard the royal navy declare that ship transport slave would be treat the same as Â  pirate 

 action be also take against african kingdom which refuse to sign treaty to outlaw the trade such as the usurping king of Â  lago who be depose in 1851 antislavery treaty be sign with over 50 african ruler 



 it take less than 5 minute to find this",0.0,-1
you just leave out multiple continent and many european nation do nt have time to dig in now will post later,0.0,-1
"I m not sure what you be try to prove and your post be become incoherent   the british government pay slave owner during british abolition enforcement to end slavery through fine and force against private company be part of the process this be not on the same violent scale of violence and mass warfare similar to the civil war or haitian revolt you do realize spain portugal france netherlands and denmark all participate in the trans atlantic slave trade   during the berlin conference russia be the only super power in the european region that would not participate in the further conquest and colonization of africa  

 back to the topic at hand at the time slavery be the historical norm the masse begin to evolve a high moral barometer and evolve a great sense of empathy lead to the abolition of slavery in the west it begin with public opinion debate and a shift in moral view from the masse 

 if the masse take your lazy callous mindset   of slavery be historical ca nt do nuffin   we may still have slavery today point be many people hold the view that blow up child over invisible man make line be dumb and need to end immediately   other like you be content with blow up child because the toddler in adult body ca nt fathom resolve dispute without blow child apart many of these same child murderer claim to be prolife total madness",0.0,0
"maybe try read the username before you make a comment next time you definitely do nt live up to yours 

 lol what a moron could nt take 2 second to check the username before ignore what I say even bad than the guy I originally respond to 

 get ta love that social medium activism",0.0,-1
whomp,0.0,0
probably because its easy to hate on israel because its jews vs arabsmuslim so that way its easy to pic side but when saudi arabia do it its arab vs arab also I would guess that saudi arabia have mecca and medina might have a role to play in this please correct I if I m wrong,0.0,1
straight up double standard against the jews just like its always be,-1.0,-1
post this very smart point in raskmiddleeast if you have the mental bandwidth I wonder what mental gymnastic those lunatic will do to try and call you a zionist terrorist,0.0,-1
"we know why you know why same reason woman group feminist stay silent about what happen to the woman   girl on oct 7 
 hint rhyme with news which they control apparently but be do a heck of lousy job show it",-1.0,0
its the tentacle of the same enemy ir regime only hamas be a wildcard suni muslim brotherhood affiliate proxy which create tension within arab country also the world be always hyper focus on the israeli conflict for some odd reason while other not less horrible   conflict and ethnic cleansing be occur currently in darfur and pakistan for instance,-1.0,0
"we all know why 

 its because jews be involve",-1.0,-1
answer its easy to speak out against jews than it be muslim in leftist circle,-1.0,1
"two thing at work here 

 1muslims kill muslim be ok   jews kill muslim get the middle east all upset 

 2the lefts narrative of colonialism   jewish settlement and how that lead to the oppress fighting back 

 I personally do nt see any good guy in this conflict   lot of innocent people will die on both side",0.0,-1
this video do an excellent job of explain the topic the short answer be we have attach a lot of world view political perspective and personal guilt onto this conflict that the average person be not only not involve in but not all that knowledgable about,0.0,-1
meanwhile in sudan,0.0,1
because americans and european be extremely anti semitic   they hate jews and they be villain,-1.0,1
"the difference be antisemitism jews be not suppose to defend themselves or so antisemites think 

 oh no be not antisemite be just anti zionist meaning against jews have their own homeland so why be you only protest against muslim death in gaza but be say nothing against much large conflict with much high civilian death toll in syria yemen darfur cricket 

 antisemitism be the difference",-1.0,1
this be what annoy most intelligent people around the world the protest be do by sheep who let emotion take over from reason   wait until you discover the difference between sunni and shiite muslim,0.0,0
side note jews be not from russia,0.0,0
easy   saudi vs yemen be muslim to muslim israel vs hamas be jews against muslim,-1.0,-1
because if they ca nt scapegoat the jews or blame the west then it mean they actually have to deal with the problem themselves or even bad admit some sort of failure in the first place,-1.0,0
"if you think people have nt be protest against saudi involvement in yemen you have nt be pay attention 

 I do nt disagree that israel be get a far bright spotlight at the moment for a number of reason include sadly antisemitism however to present the situation as if there have be no ink spill over the civil war in yemen be just not base in reality",-1.0,-1
israeli tactic remind I of the battle of mosuls   operation inherent resolve to free iraq from the isis caliphate,0.0,-1
"here be the 10 most racist country 

 bahrain 117 
 india 108 
 lebanon 101 
 libya 088 
 south africa 081 
 philippine 080 
 palestine 076 
 ecuador 067 
 south korea 066 
 kuwait 066",0.0,0
"you answer your own question over 10 year the conflict between suadi and yemen have claim about 3100 live a month if we use the large 370k figure the current conflict in gaza be claim about 8680 live 

 edit it also have nt be nothing 



 there be a lot instance of the international community try to take action against the saudi unfortunately much like in israel the us protect its interest from the international community people do nt care about arab kill arab because we be tell constantly they be just back water theocracy monarchy and dictatorship however we be tell that we support israel because its some beacon of democracy in the area I argue its the fact israel be prop up so much as be the prodigal middle easterner that it receive the most backlash which be unfortunate because many jews do not agree with isreal either",0.0,0
people expect more from israel if you be defend israel by say its not as bad as saudi arabia then you have just admit israel be behave abhorrently congratulationsisrael be slightly less monstrous,1.0,1
"do you think people who protest israel not protest saudi arabia 

 do I a favor what side be the houthis on in the israel palestinian conflict",0.0,0
I be band on reddit for 3 day because I state that the palestinian have a long life span low child birth death high income and the right to vote in israel yet israel be still call a apartheid state try to ethnically cleanse the palestinian,-1.0,-1
people criticize saudi arabia nonstop very few people have respect for it very few you guy be genuinely live in your own imagination if you think nobody be criticize saudi arabia,0.0,-1
response to the header they do nt have as many petrodollar,0.0,1
in the west attention to israelpalestine issue be motivate primarily by left and right ideology people be very illinformed about issue in the region and understand only what their ideological leaning tell they since neither ideology have any stake in yemen nor any of the other conflict in the middle east aside from israelpalestine so unfortunately nobody pay attention,0.0,1
"because its different 

 s",0.0,1
this have be my frustration with all the worldwide protest this selective outrage for this one conflict over land when there be so many more brutal conflict where the victim be muslim too be just manufacture to rile the masse worldwide,-1.0,1
"I think you already know why there s a focus on israel palestine and it start with a j 

 in all honesty though the main reason be its profitable and the israel situation be exploitable israel be 1 jewish so antisemitism play a huge factor 2 a first world country thus hold to a high standard 3 partner with america who have money and muslim sympathy from their own islamsphobia after 911 

 whenever hamas be able to get israel to kill civilian their funding go up significantly as do recruitment balance this with the high population growth rate to guarantee they do nt run out of people and you have hamas business model",-1.0,1
because its different when jews do it,0.0,1
